"","pawsid","slackDomain","filename","timestamp","exercise","task","totalscore","chunk"
"1","cquinl2","isds1102s3","cquinl2_e1b_1536182581862.xlsx","2018-09-05 21:12:26","e1","b","100.0","e1b"
"2","cquinl2","isds1102s3","cquinl2_e1b_1536182748442.xlsx","2018-09-05 21:15:12","e1","b","100.0","e1b"
"3","bparks3","isds1102s3","bparks3_e1a_1536182513864.xlsx","2018-09-05 21:11:17","e1","a","100.0","e1a"
"4","bparks3","isds1102s3","bparks3_e1b_1536182926714.xlsx","2018-09-05 21:18:11","e1","b","100.0","e1b"
"5","bparks3","isds1102s3","bparks3_e1d_1536551763967.xlsx","2018-09-10 03:45:14","e1","d","83.3333333333","e1d"
"6","jcol117","isds1102s3","jcol117_e1a_1536182119879.xlsx","2018-09-05 21:04:43","e1","a","75.0","e1a"
"7","jcol117","isds1102s3","jcol117_e1a_1536182453576.xlsx","2018-09-05 21:10:18","e1","a","100.0","e1a"
"8","jcol117","isds1102s3","jcol117_e1b_1536608832202.xlsx","2018-09-10 19:36:20","e1","b","100.0","e1b"
"9","jcol117","isds1102s3","jcol117_e1c_1536609927670.xlsx","2018-09-10 19:54:36","e1","c","95.0","e1c"
"10","jhar239","isds1102s3","jhar239_e1a_1536183079265.xlsx","2018-09-05 21:20:43","e1","a","93.75","e1a"
"11","mdoyl11","isds1102s3","mdoyl11_e1a_1536182638860.xlsx","2018-09-05 21:13:22","e1","a","93.75","e1a"
"12","mdoyl11","isds1102s3","mdoyl11_e1a_1536182927884.xlsx","2018-09-05 21:18:12","e1","a","93.75","e1a"
"13","mdoyl11","isds1102s3","mdoyl11_e1a_1536184519428.xlsx","2018-09-05 21:44:43","e1","a","93.75","e1a"
"14","mdoyl11","isds1102s3","mdoyl11_e1a_1536184635515.xlsx","2018-09-05 21:46:39","e1","a","93.75","e1a"
"15","mdoyl11","isds1102s3","mdoyl11_e1b_1536500467963.xlsx","2018-09-09 13:30:22","e1","b","100.0","e1b"
"16","mdoyl11","isds1102s3","mdoyl11_e1b_1536500486084.xlsx","2018-09-09 13:30:38","e1","b","100.0","e1b"
"17","mdoyl11","isds1102s3","mdoyl11_e1c_1536502598900.xlsx","2018-09-09 14:05:53","e1","c","100.0","e1c"
"18","mdoyl11","isds1102s3","mdoyl11_e1d_1536503862296.xlsx","2018-09-09 14:26:54","e1","d","100.0","e1d"
"19","mand123","isds1102s3","mand123_e1a_1536183028426.xlsx","2018-09-05 21:19:52","e1","a","100.0","e1a"
"20","mand123","isds1102s3","mand123_e1b_1536191077581.xlsx","2018-09-05 23:34:01","e1","b","100.0","e1b"
"21","mand123","isds1102s3","mand123_e1c_1536543574453.xlsx","2018-09-10 01:28:45","e1","c","96.6666666667","e1c"
"22","mand123","isds1102s3","mand123_e1d_1536544580682.xlsx","2018-09-10 01:45:31","e1","d","83.3333333333","e1d"
"23","nnibla1","isds1102s3",NA,NA,NA,NA,NA,"NANA"
"24","sengli8","isds1102s3",NA,NA,NA,NA,NA,"NANA"
"25","bfruge9","isds1102s3","bfruge9_e1a_1536182815450.xlsx","2018-09-05 21:16:19","e1","a","93.75","e1a"
"26","bfruge9","isds1102s3","bfruge9_e1a_1536182966237.xlsx","2018-09-05 21:18:50","e1","a","100.0","e1a"
"27","bfruge9","isds1102s3","bfruge9_e1b_1536206959761.xlsx","2018-09-06 03:58:42","e1","b","100.0","e1b"
"28","mmar254","isds1102s3","mmar254_e1a_1536182427488.xlsx","2018-09-05 21:09:51","e1","a","93.75","e1a"
"29","jporc13","isds1102s3",NA,NA,NA,NA,NA,"NANA"
"30","cvanfo1","isds1102s3","cvanfo1_e1a_1536522869740.xlsx","2018-09-09 19:43:41","e1","a","75.0","e1a"
"31","cvanfo1","isds1102s3","cvanfo1_e1b_1536530182305.xlsx","2018-09-09 21:45:33","e1","b","75.0","e1b"
"32","cvanfo1","isds1102s3","cvanfo1_e1c_1536597897365.xlsx","2018-09-10 16:34:06","e1","c","34.5","e1c"
"33","cvanfo1","isds1102s3","cvanfo1_e1d_1536599229625.xlsx","2018-09-10 16:56:18","e1","d","100.0","e1d"
"34","telli21","isds1102s3","telli21_e1a_1536182478112.xlsx","2018-09-05 21:10:42","e1","a","93.75","e1a"
"35","telli21","isds1102s3","telli21_e1a_1536182924190.xlsx","2018-09-05 21:18:08","e1","a","100.0","e1a"
"36","telli21","isds1102s3","telli21_e1b_1536353710997.xlsx","2018-09-07 20:44:28","e1","b","100.0","e1b"
"37","smela24","isds1102s3","smela24_e1a_1536183055278.xlsx","2018-09-05 21:20:19","e1","a","97.25","e1a"
"38","ehernd1","isds1102s3","ehernd1_e1a_1536195017207.xlsx","2018-09-06 00:39:41","e1","a","97.25","e1a"
"39","ehernd1","isds1102s3","ehernd1_e1a_1536195174267.xlsx","2018-09-06 00:42:18","e1","a","97.25","e1a"
"40","ehernd1","isds1102s3","ehernd1_e1a_1536195257525.xlsx","2018-09-06 00:43:41","e1","a","97.25","e1a"
"41","ehernd1","isds1102s3","ehernd1_e1a_1536602557427.xlsx","2018-09-10 17:51:46","e1","a","100.0","e1a"
"42","ehernd1","isds1102s3","ehernd1_e1b_1536603335403.xlsx","2018-09-10 18:04:44","e1","b","100.0","e1b"
"43","ehernd1","isds1102s3","ehernd1_e1c_1536604634178.xlsx","2018-09-10 18:26:22","e1","c","100.0","e1c"
"44","ehernd1","isds1102s3","ehernd1_e1d_1536605220578.xlsx","2018-09-10 18:36:09","e1","d","100.0","e1d"
"45","mpark46","isds1102s3","mpark46_e1a_1536182260658.xlsx","2018-09-05 21:07:04","e1","a","100.0","e1a"
"46","mpark46","isds1102s3","mpark46_e1b_1536182589103.xlsx","2018-09-05 21:12:32","e1","b","100.0","e1b"
"47","mpark46","isds1102s3","mpark46_e1c_1536186502078.xlsx","2018-09-05 22:17:45","e1","c","75.0","e1c"
"48","mpark46","isds1102s3","mpark46_e1d_1536187130237.xlsx","2018-09-05 22:28:13","e1","d","100.0","e1d"
"49","jjoshu6","isds1102s3","jjoshu6_e1a_1536187527522.xlsx","2018-09-05 22:34:51","e1","a","100.0","e1a"
"50","tfrede9","isds1102s3","tfrede9_e1a_1536261780236.xlsx","2018-09-06 19:12:23","e1","a","87.5","e1a"
"51","tfrede9","isds1102s3","tfrede9_e1a_1536600400059.xlsx","2018-09-10 17:15:49","e1","a","87.5","e1a"
"52","tfrede9","isds1102s3","tfrede9_e1b_1536600406298.xlsx","2018-09-10 17:15:56","e1","b","87.5","e1b"
"53","sarago1","isds1102s3","sarago1_e1b_1536183068178.xlsx","2018-09-05 21:20:31","e1","b","100.0","e1b"
"54","sarago1","isds1102s3","sarago1_e1b_1536594926303.xlsx","2018-09-10 15:44:35","e1","b","87.5","e1b"
"55","sarago1","isds1102s3","sarago1_e1c_1536597688438.xlsx","2018-09-10 16:30:37","e1","c","73.3333333333","e1c"
"56","pbrook7","isds1102s3","pbrook7_e1a_1536182821499.xlsx","2018-09-05 21:16:25","e1","a","98.25","e1a"
"57","pbrook7","isds1102s3","pbrook7_e1a_1536182966630.xlsx","2018-09-05 21:18:51","e1","a","100.0","e1a"
"58","pbrook7","isds1102s3","pbrook7_e1a_1536183032741.xlsx","2018-09-05 21:19:56","e1","a","100.0","e1a"
"59","pbrook7","isds1102s3","pbrook7_e1b_1536609340709.xlsx","2018-09-10 19:44:49","e1","b","100.0","e1b"
"60","amarro2","isds1102s3","amarro2_e1a_1536182579138.xlsx","2018-09-05 21:12:22","e1","a","97.25","e1a"
"61","amarro2","isds1102s3","amarro2_e1b_1536182975914.xlsx","2018-09-05 21:18:59","e1","b","100.0","e1b"
"62","amarro2","isds1102s3","amarro2_e1c_1536354583336.xlsx","2018-09-07 20:59:01","e1","c","83.3333333333","e1c"
"63","tjunea6","isds1102s3",NA,NA,NA,NA,NA,"NANA"
"64","ccamp59","isds1102s3",NA,NA,NA,NA,NA,"NANA"
"65","tcoll56","isds1102s3","tcoll56_e1a_1536182777219.xlsx","2018-09-05 21:15:41","e1","a","87.5","e1a"
"66","tcoll56","isds1102s3","tcoll56_e1a_1536344523018.xlsx","2018-09-07 18:11:23","e1","a","100.0","e1a"
"67","tcoll56","isds1102s3","tcoll56_e1b_1536345147519.xlsx","2018-09-07 18:21:45","e1","b","100.0","e1b"
"68","tcoll56","isds1102s3","tcoll56_e1c_1536347807288.xlsx","2018-09-07 19:06:05","e1","c","8.33333333333","e1c"
"69","cpoull1","isds1102s3",NA,NA,NA,NA,NA,"NANA"
"70","kquirk1","isds1102s3","kquirk1_e1a_1536183094204.xlsx","2018-09-05 21:20:57","e1","a","87.5","e1a"
"71","kquirk1","isds1102s3","kquirk1_e1b_1536619469085.xlsx","2018-09-10 22:33:37","e1","b","100.0","e1b"
"72","kquirk1","isds1102s3","kquirk1_e1c_1536623610773.xlsx","2018-09-10 23:42:38","e1","c","85.0","e1c"
"73","kquirk1","isds1102s3","kquirk1_e1d_1536630880219.xlsx","2018-09-11 01:43:49","e1","d","100.0","e1d"
"74","afinfr1","isds1102s3","afinfr1_e1a_1536182524038.xlsx","2018-09-05 21:11:27","e1","a","100.0","e1a"
"75","afinfr1","isds1102s3","afinfr1_e1b_1536183137343.xlsx","2018-09-05 21:21:41","e1","b","100.0","e1b"
"76","swalle5","isds1102s3",NA,NA,NA,NA,NA,"NANA"
"77","jway2","isds1102s3","jway2_e1a_1536182785204.xlsx","2018-09-05 21:15:49","e1","a","97.25","e1a"
"78","jway2","isds1102s3","jway2_e1a_1536182887366.xlsx","2018-09-05 21:17:31","e1","a","97.25","e1a"
"79","jway2","isds1102s3","jway2_e1a_1536183020523.xlsx","2018-09-05 21:19:44","e1","a","100.0","e1a"
"80","jway2","isds1102s3","jway2_e1b_1536203807789.xlsx","2018-09-06 03:06:10","e1","b","100.0","e1b"
"81","jway2","isds1102s3","jway2_e1c_1536205194907.xlsx","2018-09-06 03:29:18","e1","c","100.0","e1c"
"82","jway2","isds1102s3","jway2_e1d_1536205750915.xlsx","2018-09-06 03:38:33","e1","d","100.0","e1d"
"83","echri19","isds1102s3","echri19_e1a_1536182926036.xlsx","2018-09-05 21:18:10","e1","a","90.0","e1a"
"84","echri19","isds1102s3","echri19_e1a_1536201714124.xlsx","2018-09-06 02:31:17","e1","a","93.75","e1a"
"85","echri19","isds1102s3","echri19_e1a_1536202150493.xlsx","2018-09-06 02:38:33","e1","a","100.0","e1a"
"86","echri19","isds1102s3","echri19_e1b_1536204164383.xlsx","2018-09-06 03:12:07","e1","b","100.0","e1b"
"87","echri19","isds1102s3","echri19_e1c_1536377896258.xlsx","2018-09-08 03:27:34","e1","c","91.6666666667","e1c"
"88","echri19","isds1102s3","echri19_e1c_1536377999685.xlsx","2018-09-08 03:29:17","e1","c","91.6666666667","e1c"
"89","echri19","isds1102s3","echri19_e1c_1536378205897.xlsx","2018-09-08 03:32:42","e1","c","100.0","e1c"
"90","echri19","isds1102s3","echri19_e1d_1536464322605.xlsx","2018-09-09 03:27:57","e1","d","100.0","e1d"
"91","droden1","isds1102s3","droden1_e1a_1536182655278.xlsx","2018-09-05 21:13:39","e1","a","91.0","e1a"
"92","droden1","isds1102s3","droden1_e1b_1536289689154.xlsx","2018-09-07 02:57:31","e1","b","93.75","e1b"
"93","kconye1","isds1102s3",NA,NA,NA,NA,NA,"NANA"
"94","mgrif56","isds1102s3","mgrif56_e1a_1536182590314.xlsx","2018-09-05 21:12:34","e1","a","87.0","e1a"
"95","mgrif56","isds1102s3","mgrif56_e1b_1536183140400.xlsx","2018-09-05 21:21:44","e1","b","93.75","e1b"
"96","jtompk7","isds1102s3","jtompk7_e1a_1536182803026.xlsx","2018-09-05 21:16:11","e1","a","75.0","e1a"
"97","jtompk7","isds1102s3","jtompk7_e1a_1536364346595.xlsx","2018-09-07 23:41:43","e1","a","100.0","e1a"
"98","jtompk7","isds1102s3","jtompk7_e1b_1536365090199.xlsx","2018-09-07 23:54:07","e1","b","98.25","e1b"
"99","wcansl1","isds1102s3",NA,NA,NA,NA,NA,"NANA"
"100","ecrain6","isds1102s3","ecrain6_e1a_1536297313134.xlsx","2018-09-07 05:04:35","e1","a","100.0","e1a"
"101","nvaugh5","isds1102s3","nvaugh5_e1a_1536182967957.xlsx","2018-09-05 21:18:51","e1","a","100.0","e1a"
"102","ccars12","isds1102s6","ccars12_e1a_1536187651053.xlsx","2018-09-05 22:36:55","e1","a","81.0","e1a"
"103","ahonol1","isds1102s6","ahonol1_e1a_1536186705210.xlsx","2018-09-05 22:21:09","e1","a","90.5","e1a"
"104","ahonol1","isds1102s6","ahonol1_e1b_1536187711300.xlsx","2018-09-05 22:37:55","e1","b","100.0","e1b"
"105","rschmo1","isds1102s6","rschmo1_e1a_1536186226654.xlsx","2018-09-05 22:13:10","e1","a","100.0","e1a"
"106","rschmo1","isds1102s6","rschmo1_e1b_1536186997880.xlsx","2018-09-05 22:26:01","e1","b","100.0","e1b"
"107","rschmo1","isds1102s6","rschmo1_e1c_1536188428592.xlsx","2018-09-05 22:49:52","e1","c","100.0","e1c"
"108","rschmo1","isds1102s6","rschmo1_e1d_1536190165657.xlsx","2018-09-05 23:18:49","e1","d","50.0","e1d"
"109","ktay126","isds1102s6","ktay126_e1a_1536188231059.xlsx","2018-09-05 22:46:34","e1","a","100.0","e1a"
"110","ktay126","isds1102s6","ktay126_e1b_1536197039100.xlsx","2018-09-06 01:13:24","e1","b","100.0","e1b"
"111","sgumin1","isds1102s6",NA,NA,NA,NA,NA,"NANA"
"112","elangl7","isds1102s6","elangl7_e1c_1536186631898.xlsx","2018-09-05 22:19:55","e1","c","8.33333333333","e1c"
"113","elangl7","isds1102s6","elangl7_e1a_1536186730921.xlsx","2018-09-05 22:21:34","e1","a","86.5","e1a"
"114","elangl7","isds1102s6","elangl7_e1b_1536187323577.xlsx","2018-09-05 22:31:27","e1","b","100.0","e1b"
"115","elangl7","isds1102s6","elangl7_e1a_1536243975464.xlsx","2018-09-06 14:15:38","e1","a","86.5","e1a"
"116","elangl7","isds1102s6","elangl7_e1b_1536243981299.xlsx","2018-09-06 14:15:43","e1","b","100.0","e1b"
"117","elangl7","isds1102s6","elangl7_e1a_1536532334037.xlsx","2018-09-09 22:21:25","e1","a","86.5","e1a"
"118","elangl7","isds1102s6","elangl7_e1b_1536532339412.xlsx","2018-09-09 22:21:30","e1","b","100.0","e1b"
"119","jcla143","isds1102s6","jcla143_e1a_1536187636387.xlsx","2018-09-05 22:36:40","e1","a","100.0","e1a"
"120","jcla143","isds1102s6","jcla143_e1b_1536187931568.xlsx","2018-09-05 22:41:35","e1","b","100.0","e1b"
"121","jcla143","isds1102s6","jcla143_e1a_1536191874975.xlsx","2018-09-05 23:47:18","e1","a","100.0","e1a"
"122","jcla143","isds1102s6","jcla143_e1b_1536191885126.xlsx","2018-09-05 23:47:28","e1","b","100.0","e1b"
"123","jcla143","isds1102s6","jcla143_e1c_1536191895806.xlsx","2018-09-05 23:47:39","e1","c","80.0","e1c"
"124","jcla143","isds1102s6","jcla143_e1d_1536191901594.xlsx","2018-09-05 23:47:44","e1","d","100.0","e1d"
"125","jcla143","isds1102s6","jcla143_e1a_1536192002711.xlsx","2018-09-05 23:49:26","e1","a","100.0","e1a"
"126","jcla143","isds1102s6","jcla143_e1b_1536192010479.xlsx","2018-09-05 23:49:33","e1","b","100.0","e1b"
"127","jcla143","isds1102s6","jcla143_e1c_1536192016803.xlsx","2018-09-05 23:49:42","e1","c","80.0","e1c"
"128","jcla143","isds1102s6","jcla143_e1d_1536192022627.xlsx","2018-09-05 23:49:46","e1","d","100.0","e1d"
"129","alaco21","isds1102s6","alaco21_e1a_1536186761998.xlsx","2018-09-05 22:22:06","e1","a","93.75","e1a"
"130","alaco21","isds1102s6","alaco21_e1a_1536187076829.xlsx","2018-09-05 22:27:21","e1","a","100.0","e1a"
"131","alaco21","isds1102s6","alaco21_e1a_1536187134999.xlsx","2018-09-05 22:28:18","e1","a","100.0","e1a"
"132","alaco21","isds1102s6","alaco21_e1b_1536187601250.xlsx","2018-09-05 22:36:04","e1","b","100.0","e1b"
"133","alaco21","isds1102s6","alaco21_e1b_1536187651670.xlsx","2018-09-05 22:36:55","e1","b","100.0","e1b"
"134","alaco21","isds1102s6","alaco21_e1c_1536599996474.xlsx","2018-09-10 17:09:05","e1","c","100.0","e1c"
"135","alaco21","isds1102s6","alaco21_e1d_1536601321627.xlsx","2018-09-10 17:31:10","e1","d","100.0","e1d"
"136","mbowm19","isds1102s6",NA,NA,NA,NA,NA,"NANA"
"137","misola1","isds1102s6","misola1_e1b_1536187233112.xlsx","2018-09-05 22:29:56","e1","b","100.0","e1b"
"138","misola1","isds1102s6","misola1_e1c_1536278576802.xlsx","2018-09-06 23:52:19","e1","c","96.6666666667","e1c"
"139","misola1","isds1102s6","misola1_e1a_1536612244600.xlsx","2018-09-10 20:33:12","e1","a","91.0","e1a"
"140","misola1","isds1102s6","misola1_e1d_1536645227764.xlsx","2018-09-11 05:42:56","e1","d","100.0","e1d"
"141","pheap2","isds1102s6","pheap2_e1a_1536187591292.xlsx","2018-09-05 22:35:55","e1","a","93.75","e1a"
"142","pheap2","isds1102s6","pheap2_e1a_1536188079912.xlsx","2018-09-05 22:44:03","e1","a","100.0","e1a"
"143","nherbe3","isds1102s3","nherbe3_e1a_1536198005615.xlsx","2018-09-06 01:29:28","e1","a","100.0","e1a"
"144","nherbe3","isds1102s3","nherbe3_e1b_1536199421275.xlsx","2018-09-06 01:53:04","e1","b","100.0","e1b"
"145","nherbe3","isds1102s3","nherbe3_e1c_1536602808537.xlsx","2018-09-10 17:55:57","e1","c","96.6666666667","e1c"
"146","nherbe3","isds1102s3","nherbe3_e1d_1536604874017.xlsx","2018-09-10 18:30:23","e1","d","100.0","e1d"
"147","mcoop26","isds1102s6","mcoop26_e1a_1536188532240.xlsx","2018-09-05 22:51:35","e1","a","90.25","e1a"
"148","mcoop26","isds1102s6","mcoop26_e1a_1536189117719.xlsx","2018-09-05 23:01:21","e1","a","100.0","e1a"
"149","mcoop26","isds1102s6","mcoop26_e1b_1536632294204.xlsx","2018-09-11 02:07:21","e1","b","100.0","e1b"
"150","ccarm11","isds1102s6",NA,NA,NA,NA,NA,"NANA"
"151","jmccol7","isds1102s6","jmccol7_e1a_1536187676860.xlsx","2018-09-05 22:37:20","e1","a","100.0","e1a"
"152","ccolkm1","isds1102s6","ccolkm1_e1a_1536362769646.xlsx","2018-09-07 23:15:28","e1","a","100.0","e1a"
"153","ccolkm1","isds1102s6","ccolkm1_e1c_1536365383749.xlsx","2018-09-07 23:59:00","e1","c","77.8333333333","e1c"
"154","ccolkm1","isds1102s6","ccolkm1_e1b_1536366922276.xlsx","2018-09-08 00:24:39","e1","b","100.0","e1b"
"155","ccolkm1","isds1102s6","ccolkm1_e1d_1536366956836.xlsx","2018-09-08 00:25:13","e1","d","83.3333333333","e1d"
"156","cmcgre7","isds1102s6",NA,NA,NA,NA,NA,"NANA"
"157","lande49","isds1102s3","lande49_e1a_1536183051925.xlsx","2018-09-05 21:20:15","e1","a","93.75","e1a"
"158","lledou6","isds1102s6","lledou6_e1a_1536199000726.xlsx","2018-09-06 01:46:04","e1","a","100.0","e1a"
"159","lledou6","isds1102s6","lledou6_e1b_1536525359407.xlsx","2018-09-09 20:25:10","e1","b","100.0","e1b"
"160","lledou6","isds1102s6","lledou6_e1c_1536639085030.xlsx","2018-09-11 04:00:32","e1","c","98.3333333333","e1c"
"161","lledou6","isds1102s6","lledou6_e1d_1536640574207.xlsx","2018-09-11 04:25:21","e1","d","0.0","e1d"
"162","lledou6","isds1102s6","lledou6_e1d_1536641239680.xlsx","2018-09-11 04:36:27","e1","d","0.0","e1d"
"163","akilli3","isds1102s6","akilli3_e1a_1536187986357.xlsx","2018-09-05 22:42:30","e1","a","87.5","e1a"
"164","cteas1","isds1102s6","cteas1_e1a_1536188250145.xlsx","2018-09-05 22:46:53","e1","a","90.0","e1a"
"165","nlejeu5","isds1102s6","nlejeu5_e1a_1536187973057.xlsx","2018-09-05 22:42:16","e1","a","100.0","e1a"
"166","nlejeu5","isds1102s6","nlejeu5_e1c_1536542139661.xlsx","2018-09-10 01:04:50","e1","c","78.3333333333","e1c"
"167","hdorne1","isds1102s4",NA,NA,NA,NA,NA,"NANA"
"168","jmoham7","isds1102s4","jmoham7_e1a_1536188217533.xlsx","2018-09-05 22:46:21","e1","a","100.0","e1a"
"169","hmasse4","isds1102s4","hmasse4_e1a_1536529787438.xlsx","2018-09-09 21:38:58","e1","a","100.0","e1a"
"170","hmasse4","isds1102s4","hmasse4_e1b_1536530135965.xlsx","2018-09-09 21:44:46","e1","b","93.75","e1b"
"171","jrashe2","isds1102s4","jrashe2_e1a_1536188052602.xlsx","2018-09-05 22:43:36","e1","a","100.0","e1a"
"172","dmeyn1","isds1102s4","dmeyn1_e1a_1536188202684.xlsx","2018-09-05 22:46:06","e1","a","78.0","e1a"
"173","kwrote3","isds1102s4","kwrote3_e1a_1536197715781.xlsx","2018-09-06 01:24:39","e1","a","100.0","e1a"
"174","kwrote3","isds1102s4","kwrote3_e1b_1536604063466.xlsx","2018-09-10 18:16:52","e1","b","100.0","e1b"
"175","gquant1","isds1102s4","gquant1_e1a_1536551948722.xlsx","2018-09-10 03:48:19","e1","a","12.5","e1a"
"176","gquant1","isds1102s4","gquant1_e1b_1536553583206.xlsx","2018-09-10 04:15:33","e1","b","100.0","e1b"
"177","vdoan1","isds1102s4","vdoan1_e1b_1536188468964.xlsx","2018-09-05 22:50:34","e1","b","67.0","e1b"
"178","vdoan1","isds1102s4","vdoan1_e1b_1536512331579.xlsx","2018-09-09 16:48:05","e1","b","62.5","e1b"
"179","vdoan1","isds1102s4","vdoan1_e1c_1536518071525.xlsx","2018-09-09 18:23:43","e1","c","98.3333333333","e1c"
"180","vdoan1","isds1102s4","vdoan1_e1d_1536519199846.xlsx","2018-09-09 18:42:31","e1","d","100.0","e1d"
"181","mjoh356","isds1102s4",NA,NA,NA,NA,NA,"NANA"
"182","jwebe25","isds1102s4","jwebe25_e1a_1536193593264.xlsx","2018-09-06 00:15:56","e1","a","87.5","e1a"
"183","lchauv9","isds1102s4","lchauv9_e1a_1536187776076.xlsx","2018-09-05 22:39:00","e1","a","87.5","e1a"
"184","lchauv9","isds1102s4","lchauv9_e1a_1536187904310.xlsx","2018-09-05 22:41:08","e1","a","100.0","e1a"
"185","lchauv9","isds1102s4","lchauv9_e1b_1536188222101.xlsx","2018-09-05 22:46:25","e1","b","100.0","e1b"
"186","lchauv9","isds1102s4","lchauv9_e1c_1536603559603.xlsx","2018-09-10 18:08:28","e1","c","92.5","e1c"
"187","lchauv9","isds1102s4","lchauv9_e1d_1536604608917.xlsx","2018-09-10 18:25:57","e1","d","100.0","e1d"
"188","rshaw13","isds1102s4",NA,NA,NA,NA,NA,"NANA"
"189","msavoy9","isds1102s4","msavoy9_e1a_1536187578385.xlsx","2018-09-05 22:35:42","e1","a","100.0","e1a"
"190","msavoy9","isds1102s4","msavoy9_e1c_1536471440617.xlsx","2018-09-09 05:26:35","e1","c","96.6666666667","e1c"
"191","msavoy9","isds1102s4","msavoy9_e1c_1536471721318.xlsx","2018-09-09 05:31:15","e1","c","100.0","e1c"
"192","msavoy9","isds1102s4","msavoy9_e1b_1536471808932.xlsx","2018-09-09 05:32:42","e1","b","100.0","e1b"
"193","msavoy9","isds1102s4","msavoy9_e1d_1536472647159.xlsx","2018-09-09 05:46:40","e1","d","100.0","e1d"
"194","aand144","isds1102s4","aand144_e1a_1536188653108.xlsx","2018-09-05 22:53:37","e1","a","85.5","e1a"
"195","narger1","isds1102s4","narger1_e1a_1536188682333.xlsx","2018-09-05 22:54:06","e1","a","98.25","e1a"
"196","mcarne7","isds1102s4","mcarne7_e1a_1536187621739.xlsx","2018-09-05 22:36:25","e1","a","100.0","e1a"
"197","mcarne7","isds1102s4","mcarne7_e1b_1536188012117.xlsx","2018-09-05 22:42:56","e1","b","100.0","e1b"
"198","wking14","isds1102s4","wking14_e1a_1536187667550.xlsx","2018-09-05 22:37:11","e1","a","90.5","e1a"
"199","wking14","isds1102s4","wking14_e1b_1536187932480.xlsx","2018-09-05 22:41:36","e1","b","100.0","e1b"
"200","hwrig16","isds1102s4","hwrig16_e1a_1536187979454.xlsx","2018-09-05 22:42:23","e1","a","100.0","e1a"
"201","ccoyle4","isds1102s4","ccoyle4_e1a_1536188376190.xlsx","2018-09-05 22:48:59","e1","a","87.5","e1a"
"202","ccoyle4","isds1102s4","ccoyle4_e1a_1536519382277.xlsx","2018-09-09 18:45:34","e1","a","87.5","e1a"
"203","ccoyle4","isds1102s4","ccoyle4_e1b_1536519722487.xlsx","2018-09-09 18:51:13","e1","b","87.5","e1b"
"204","ccoyle4","isds1102s4","ccoyle4_e1c_1536521336362.xlsx","2018-09-09 19:18:07","e1","c","45.0","e1c"
"205","ccoyle4","isds1102s4","ccoyle4_e1d_1536521888147.xlsx","2018-09-09 19:27:19","e1","d","100.0","e1d"
"206","rhayne8","isds1102s4",NA,NA,NA,NA,NA,"NANA"
"207","dmill98","isds1102s4",NA,NA,NA,NA,NA,"NANA"
"208","cmccai9","isds1102s4","cmccai9_e1a_1536188707175.xlsx","2018-09-05 22:54:30","e1","a","12.5","e1a"
"209","cmccai9","isds1102s4","cmccai9_e1b_1536533211406.xlsx","2018-09-09 22:36:02","e1","b","71.75","e1b"
"210","cmccai9","isds1102s4","cmccai9_e1c_1536533577967.xlsx","2018-09-09 22:42:09","e1","c","16.6666666667","e1c"
"211","cmccai9","isds1102s4","cmccai9_e1d_1536534018847.xlsx","2018-09-09 22:49:29","e1","d","33.3333333333","e1d"
"212","etullo1","isds1102s4","etullo1_e1a_1536193187171.xlsx","2018-09-06 00:09:11","e1","a","100.0","e1a"
"213","nstone6","isds1102s3","nstone6_e1a_1536185331139.xlsx","2018-09-05 21:58:14","e1","a","72.25","e1a"
"214","nstone6","isds1102s3","nstone6_e1b_1536185735722.xlsx","2018-09-05 22:04:59","e1","b","75.0","e1b"
"215","nstone6","isds1102s3","nstone6_e1c_1536186849086.xlsx","2018-09-05 22:23:33","e1","c","90.0","e1c"
"216","nstone6","isds1102s3","nstone6_e1d_1536187963958.xlsx","2018-09-05 22:42:07","e1","d","100.0","e1d"
"217","nstone6","isds1102s3","nstone6_e1a_1536188011216.xlsx","2018-09-05 22:42:56","e1","a","72.25","e1a"
"218","nstone6","isds1102s3","nstone6_e1b_1536188020864.xlsx","2018-09-05 22:43:04","e1","b","75.0","e1b"
"219","nstone6","isds1102s3","nstone6_e1c_1536188031170.xlsx","2018-09-05 22:43:15","e1","c","90.0","e1c"
"220","nstone6","isds1102s3","nstone6_e1d_1536188038265.xlsx","2018-09-05 22:43:21","e1","d","100.0","e1d"
"221","bpric28","isds1102s4","bpric28_e1a_1536188360697.xlsx","2018-09-05 22:48:44","e1","a","100.0","e1a"
"222","bpric28","isds1102s4","bpric28_e1a_1536188405814.xlsx","2018-09-05 22:49:29","e1","a","100.0","e1a"
"223","riacon1","isds1102s4",NA,NA,NA,NA,NA,"NANA"
"224","areye18","isds1102s4","areye18_e1a_1536194299862.xlsx","2018-09-06 00:27:43","e1","a","81.0","e1a"
"225","areye18","isds1102s4","areye18_e1a_1536194798089.xlsx","2018-09-06 00:36:01","e1","a","81.0","e1a"
"226","dcone1","isds1102s3","dcone1_e1a_1536420788740.xlsx","2018-09-08 15:22:23","e1","a","100.0","e1a"
"227","dcone1","isds1102s3","dcone1_e1b_1536421144187.xlsx","2018-09-08 15:28:19","e1","b","100.0","e1b"
"228","dcone1","isds1102s3","dcone1_e1c_1536422373212.xlsx","2018-09-08 15:48:48","e1","c","95.8333333333","e1c"
"229","dcone1","isds1102s3","dcone1_e1d_1536423103179.xlsx","2018-09-08 16:00:58","e1","d","100.0","e1d"
"230","mcome25","isds1102s3","mcome25_e1a_1536182763167.xlsx","2018-09-05 21:15:27","e1","a","93.75","e1a"
"231","mcome25","isds1102s3","mcome25_e1a_1536182833734.xlsx","2018-09-05 21:16:37","e1","a","100.0","e1a"
"232","mcome25","isds1102s3","mcome25_e1b_1536203883242.xlsx","2018-09-06 03:07:26","e1","b","100.0","e1b"
"233","mcome25","isds1102s3","mcome25_e1c_1536339017680.xlsx","2018-09-07 16:39:35","e1","c","100.0","e1c"
"234","mcome25","isds1102s3","mcome25_e1d_1536340132423.xlsx","2018-09-07 16:58:10","e1","d","100.0","e1d"
"235","emix5","isds1102s4","emix5_e1a_1536187439396.xlsx","2018-09-05 22:33:23","e1","a","97.25","e1a"
"236","emix5","isds1102s4","emix5_e1b_1536187803309.xlsx","2018-09-05 22:39:26","e1","b","100.0","e1b"
"237","emix5","isds1102s4","emix5_e1c_1536200276429.xlsx","2018-09-06 02:07:19","e1","c","83.3333333333","e1c"
"238","emix5","isds1102s4","emix5_e1d_1536205508723.xlsx","2018-09-06 03:34:31","e1","d","100.0","e1d"
"239","emix5","isds1102s4","emix5_e1a_1536590349602.xlsx","2018-09-10 14:28:20","e1","a","100.0","e1a"
"240","emix5","isds1102s4","emix5_e1c_1536590616056.xlsx","2018-09-10 14:32:45","e1","c","100.0","e1c"
"241","ecook18","isds1102s3","ecook18_e1a_1536211438469.xlsx","2018-09-06 05:13:21","e1","a","81.25","e1a"
"242","ecook18","isds1102s3","ecook18_e1b_1536211459973.xlsx","2018-09-06 05:13:42","e1","b","100.0","e1b"
"243","ecook18","isds1102s3","ecook18_e1d_1536248076550.xlsx","2018-09-06 15:23:57","e1","d","100.0","e1d"
"244","ecook18","isds1102s3","ecook18_e1a_1536253426497.xlsx","2018-09-06 16:53:08","e1","a","93.75","e1a"
"245","ecook18","isds1102s3","ecook18_e1a_1536253538827.xlsx","2018-09-06 16:55:00","e1","a","100.0","e1a"
"246","ecook18","isds1102s3","ecook18_e1c_1536254180324.xlsx","2018-09-06 17:05:41","e1","c","80.0","e1c"
"247","ecook18","isds1102s3","ecook18_e1c_1536254344235.xlsx","2018-09-06 17:08:25","e1","c","88.3333333333","e1c"
"248","ecook18","isds1102s3","ecook18_e1c_1536254517617.xlsx","2018-09-06 17:11:19","e1","c","91.6666666667","e1c"
"249","ecook18","isds1102s3","ecook18_e1c_1536254672394.xlsx","2018-09-06 17:13:53","e1","c","100.0","e1c"
"250","hhern16","isds1102s4","hhern16_e1a_1536553556640.xlsx","2018-09-10 04:15:07","e1","a","98.25","e1a"
"251","hhern16","isds1102s4","hhern16_e1b_1536554116735.xlsx","2018-09-10 04:24:33","e1","b","0.0","e1b"
"252","hhern16","isds1102s4","hhern16_e1d_1536597833786.xlsx","2018-09-10 16:33:02","e1","d","100.0","e1d"
"253","hhern16","isds1102s4","hhern16_e1c_1536598085532.xlsx","2018-09-10 16:37:14","e1","c","96.6666666667","e1c"
"254","sgeor21","isds1102s4","sgeor21_e1a_1536188617503.xlsx","2018-09-05 22:53:01","e1","a","87.5","e1a"
"255","sgeor21","isds1102s4","sgeor21_e1a_1536543882794.xlsx","2018-09-10 01:33:53","e1","a","100.0","e1a"
"256","sgeor21","isds1102s4","sgeor21_e1b_1536545818979.xlsx","2018-09-10 02:06:09","e1","b","75.0","e1b"
"257","sgeor21","isds1102s4","sgeor21_e1b_1536546034302.xlsx","2018-09-10 02:09:44","e1","b","100.0","e1b"
"258","clan128","isds1102s4","clan128_e1a_1536200858391.xlsx","2018-09-06 02:17:01","e1","a","98.25","e1a"
"259","clan128","isds1102s4","clan128_e1b_1536336823168.xlsx","2018-09-07 16:03:03","e1","b","100.0","e1b"
"260","clan128","isds1102s4","clan128_e1c_1536353628806.xlsx","2018-09-07 20:43:06","e1","c","100.0","e1c"
"261","clan128","isds1102s4","clan128_e1d_1536427913354.xlsx","2018-09-08 17:21:09","e1","d","100.0","e1d"
"262","rennet1","isds1102s4",NA,NA,NA,NA,NA,"NANA"
"263","aaust25","isds1102s3","aaust25_e1a_1536186564290.xlsx","2018-09-05 22:18:48","e1","a","100.0","e1a"
"264","aaust25","isds1102s3","aaust25_e1b_1536187446849.xlsx","2018-09-05 22:33:30","e1","b","100.0","e1b"
"265","aaust25","isds1102s3","aaust25_e1c_1536340855925.xlsx","2018-09-07 17:10:14","e1","c","100.0","e1c"
"266","aaust25","isds1102s3","aaust25_e1d_1536342551879.xlsx","2018-09-07 17:38:31","e1","d","83.3333333333","e1d"
"267","aaust25","isds1102s3","aaust25_e1d_1536342713753.xlsx","2018-09-07 17:41:11","e1","d","100.0","e1d"
"268","jmoyna1","isds1102s4","jmoyna1_e1a_1536200662946.xlsx","2018-09-06 02:13:46","e1","a","75.0","e1a"
"269","jmoyna1","isds1102s4","jmoyna1_e1a_1536200903342.xlsx","2018-09-06 02:17:46","e1","a","84.75","e1a"
"270","jmoyna1","isds1102s4","jmoyna1_e1b_1536271514656.xlsx","2018-09-06 21:54:42","e1","b","0.0","e1b"
"271","jmoyna1","isds1102s4","jmoyna1_e1b_1536271613042.xlsx","2018-09-06 21:56:19","e1","b","0.0","e1b"
"272","jmoyna1","isds1102s4","jmoyna1_e1b_1536272171936.xlsx","2018-09-06 22:05:38","e1","b","6.25","e1b"
"273","jmoyna1","isds1102s4","jmoyna1_e1b_1536272242337.xlsx","2018-09-06 22:06:43","e1","b","100.0","e1b"
"274","nboud16","isds1102s4","nboud16_e1a_1536188470156.xlsx","2018-09-05 22:50:34","e1","a","87.75","e1a"
"275","nboud16","isds1102s4","nboud16_e1a_1536347574055.xlsx","2018-09-07 19:02:12","e1","a","87.75","e1a"
"276","nboud16","isds1102s4","nboud16_e1a_1536525961456.xlsx","2018-09-09 20:35:12","e1","a","87.75","e1a"
"277","nboud16","isds1102s4","nboud16_e1b_1536526738332.xlsx","2018-09-09 20:48:09","e1","b","100.0","e1b"
"278","nboud16","isds1102s4","nboud16_e1c_1536529912003.xlsx","2018-09-09 21:41:03","e1","c","73.3333333333","e1c"
"279","nboud16","isds1102s4","nboud16_e1d_1536531677353.xlsx","2018-09-09 22:10:28","e1","d","0.0","e1d"
"280","kdrigg2","isds1102s4","kdrigg2_e1a_1536187295479.xlsx","2018-09-05 22:30:59","e1","a","100.0","e1a"
"281","kdrigg2","isds1102s4","kdrigg2_e1b_1536187551831.xlsx","2018-09-05 22:35:16","e1","b","100.0","e1b"
"282","kdrigg2","isds1102s4","kdrigg2_e1c_1536188388919.xlsx","2018-09-05 22:49:12","e1","c","80.0","e1c"
"283","kdrigg2","isds1102s4","kdrigg2_e1d_1536339854159.xlsx","2018-09-07 16:53:32","e1","d","66.6666666667","e1d"
"284","kdrigg2","isds1102s4","kdrigg2_e1d_1536340020286.xlsx","2018-09-07 16:56:18","e1","d","100.0","e1d"
"285","swainw1","isds1102s4",NA,NA,NA,NA,NA,"NANA"
"286","mperni3","isds1102s4",NA,NA,NA,NA,NA,"NANA"
"287","tdang23","isds1102s4","tdang23_e1a_1536188278431.xlsx","2018-09-05 22:47:22","e1","a","100.0","e1a"
"288","tdang23","isds1102s4","tdang23_e1a_1536609939269.xlsx","2018-09-10 19:54:47","e1","a","100.0","e1a"
"289","tdang23","isds1102s4","tdang23_e1b_1536610492789.xlsx","2018-09-10 20:04:01","e1","b","71.5","e1b"
"290","tdang23","isds1102s4","tdang23_e1c_1536612897621.xlsx","2018-09-10 20:44:06","e1","c","93.3333333333","e1c"
"291","tdang23","isds1102s4","tdang23_e1d_1536621503999.xlsx","2018-09-10 23:07:33","e1","d","66.6666666667","e1d"
"292","pcalho2","isds1102s5","pcalho2_e1a_1536252007982.xlsx","2018-09-06 16:29:29","e1","a","100.0","e1a"
"293","pcalho2","isds1102s5","pcalho2_e1b_1536253143113.xlsx","2018-09-06 16:48:24","e1","b","100.0","e1b"
"294","jgriss5","isds1102s5","jgriss5_e1a_1536251098593.xlsx","2018-09-06 16:14:20","e1","a","100.0","e1a"
"295","jgriss5","isds1102s5","jgriss5_e1b_1536251768231.xlsx","2018-09-06 16:25:29","e1","b","100.0","e1b"
"296","jgriss5","isds1102s5","jgriss5_e1c_1536254940699.xlsx","2018-09-06 17:18:22","e1","c","66.6666666667","e1c"
"297","jgriss5","isds1102s5","jgriss5_e1d_1536255859280.xlsx","2018-09-06 17:33:40","e1","d","100.0","e1d"
"298","bvinso1","isds1102s5","bvinso1_e1a_1536250487566.xlsx","2018-09-06 16:04:09","e1","a","87.5","e1a"
"299","bvinso1","isds1102s5","bvinso1_e1b_1536250824188.xlsx","2018-09-06 16:09:50","e1","b","87.5","e1b"
"300","bvinso1","isds1102s5","bvinso1_e1c_1536252595800.xlsx","2018-09-06 16:39:17","e1","c","95.0","e1c"
"301","ocsaki1","isds1102s5","ocsaki1_e1a_1536251772787.xlsx","2018-09-06 16:25:34","e1","a","84.0","e1a"
"302","ocsaki1","isds1102s5","ocsaki1_e1a_1536252317996.xlsx","2018-09-06 16:34:39","e1","a","100.0","e1a"
"303","jeymar1","isds1102s5","jeymar1_e1a_1536252027760.xlsx","2018-09-06 16:29:49","e1","a","100.0","e1a"
"304","jeymar1","isds1102s5","jeymar1_e1b_1536253166548.xlsx","2018-09-06 16:48:47","e1","b","100.0","e1b"
"305","tceasa1","isds1102s5",NA,NA,NA,NA,NA,"NANA"
"306","whooge1","isds1102s5",NA,NA,NA,NA,NA,"NANA"
"307","jdav317","isds1102s5","jdav317_e1a_1536252184926.xlsx","2018-09-06 16:32:26","e1","a","87.5","e1a"
"308","jdav317","isds1102s5","jdav317_e1a_1536637925730.xlsx","2018-09-11 03:41:13","e1","a","87.5","e1a"
"309","jdav317","isds1102s5","jdav317_e1b_1536637987321.xlsx","2018-09-11 03:42:14","e1","b","100.0","e1b"
"310","jdav317","isds1102s5","jdav317_e1c_1536639322250.xlsx","2018-09-11 04:04:29","e1","c","69.1666666667","e1c"
"311","jdav317","isds1102s5","jdav317_e1d_1536643249744.xlsx","2018-09-11 05:09:56","e1","d","100.0","e1d"
"312","llorio5","isds1102s5","llorio5_e1a_1536250515088.xlsx","2018-09-06 16:04:36","e1","a","83.5","e1a"
"313","llorio5","isds1102s5","llorio5_e1b_1536251076745.xlsx","2018-09-06 16:13:59","e1","b","93.75","e1b"
"314","llorio5","isds1102s5","llorio5_e1b_1536251405354.xlsx","2018-09-06 16:19:28","e1","b","93.75","e1b"
"315","llorio5","isds1102s5","llorio5_e1b_1536286254160.xlsx","2018-09-07 02:00:14","e1","b","100.0","e1b"
"316","llorio5","isds1102s5","llorio5_e1c_1536605763464.xlsx","2018-09-10 18:45:12","e1","c","75.8333333333","e1c"
"317","kmerri9","isds1102s5","kmerri9_e1a_1536252727808.xlsx","2018-09-06 16:41:29","e1","a","97.25","e1a"
"318","cpatr11","isds1102s5","cpatr11_e1a_1536251948597.xlsx","2018-09-06 16:28:30","e1","a","100.0","e1a"
"319","cpatr11","isds1102s5","cpatr11_e1b_1536636818905.xlsx","2018-09-11 03:22:46","e1","b","93.75","e1b"
"320","cpatr11","isds1102s5","cpatr11_e1b_1536636866639.xlsx","2018-09-11 03:23:33","e1","b","93.75","e1b"
"321","mmeye31","isds1102s5",NA,NA,NA,NA,NA,"NANA"
"322","tfurra2","isds1102s5","tfurra2_e1a_1536251135627.xlsx","2018-09-06 16:14:57","e1","a","87.5","e1a"
"323","tfurra2","isds1102s5","tfurra2_e1b_1536252292964.xlsx","2018-09-06 16:34:14","e1","b","100.0","e1b"
"324","tfurra2","isds1102s5","tfurra2_e1c_1536290214328.xlsx","2018-09-07 03:06:14","e1","c","87.8333333333","e1c"
"325","tfurra2","isds1102s5","tfurra2_e1d_1536372124052.xlsx","2018-09-08 01:51:23","e1","d","100.0","e1d"
"326","tfurra2","isds1102s5","tfurra2_e1a_1536547487682.xlsx","2018-09-10 02:33:58","e1","a","100.0","e1a"
"327","tfurra2","isds1102s5","tfurra2_e1b_1536548051600.xlsx","2018-09-10 02:43:22","e1","b","100.0","e1b"
"328","tfurra2","isds1102s5","tfurra2_e1c_1536549703116.xlsx","2018-09-10 03:10:53","e1","c","80.0","e1c"
"329","tfurra2","isds1102s5","tfurra2_e1c_1536549814285.xlsx","2018-09-10 03:12:45","e1","c","100.0","e1c"
"330","tfurra2","isds1102s5","tfurra2_e1d_1536550291675.xlsx","2018-09-10 03:20:42","e1","d","100.0","e1d"
"331","kdwyer5","isds1102s5","kdwyer5_e1a_1536251401202.xlsx","2018-09-06 16:19:22","e1","a","81.0","e1a"
"332","kdwyer5","isds1102s5","kdwyer5_e1b_1536251847939.xlsx","2018-09-06 16:26:49","e1","b","100.0","e1b"
"333","kdwyer5","isds1102s5","kdwyer5_e1c_1536253338535.xlsx","2018-09-06 16:51:40","e1","c","88.3333333333","e1c"
"334","dbingh1","isds1102s5",NA,NA,NA,NA,NA,"NANA"
"335","gwoolw1","isds1102s5","gwoolw1_e1c_1536631110934.xlsx","2018-09-11 01:47:38","e1","c","81.6666666667","e1c"
"336","gwoolw1","isds1102s5","gwoolw1_e1d_1536632942373.xlsx","2018-09-11 02:18:10","e1","d","83.3333333333","e1d"
"337","cknig25","isds1102s5","cknig25_e1a_1536097008175.xlsx","2018-09-04 21:26:15","e1","a","87.5","e1a"
"338","cknig25","isds1102s5","cknig25_e1b_1536249610355.xlsx","2018-09-06 15:49:31","e1","b","87.5","e1b"
"339","cknig25","isds1102s5","cknig25_e1c_1536254773778.xlsx","2018-09-06 17:15:35","e1","c","70.0","e1c"
"340","cknig25","isds1102s5","cknig25_e1d_1536257359233.xlsx","2018-09-06 17:58:40","e1","d","83.3333333333","e1d"
"341","cknig25","isds1102s5","cknig25_e1a_1536528988877.xlsx","2018-09-09 21:25:40","e1","a","100.0","e1a"
"342","cknig25","isds1102s5","cknig25_e1b_1536529383949.xlsx","2018-09-09 21:32:15","e1","b","75.0","e1b"
"343","cknig25","isds1102s5","cknig25_e1b_1536529464258.xlsx","2018-09-09 21:33:35","e1","b","100.0","e1b"
"344","cknig25","isds1102s5","cknig25_e1d_1536612402384.xlsx","2018-09-10 20:35:50","e1","d","100.0","e1d"
"345","jjanna2","isds1102s5","jjanna2_e1a_1536250749799.xlsx","2018-09-06 16:08:31","e1","a","99.0","e1a"
"346","jjanna2","isds1102s5","jjanna2_e1b_1536251796176.xlsx","2018-09-06 16:25:57","e1","b","100.0","e1b"
"347","bcouvi7","isds1102s5","bcouvi7_e1a_1536252806407.xlsx","2018-09-06 16:42:47","e1","a","89.75","e1a"
"348","bcouvi7","isds1102s5","bcouvi7_e1a_1536253123674.xlsx","2018-09-06 16:48:05","e1","a","93.75","e1a"
"349","tsarge1","isds1102s5","tsarge1_e1a_1536251587242.xlsx","2018-09-06 16:22:28","e1","a","81.0","e1a"
"350","tsarge1","isds1102s5","tsarge1_e1a_1536252276235.xlsx","2018-09-06 16:33:57","e1","a","81.0","e1a"
"351","tsarge1","isds1102s5","tsarge1_e1a_1536252522718.xlsx","2018-09-06 16:38:04","e1","a","81.0","e1a"
"352","tsarge1","isds1102s5","tsarge1_e1a_1536252642332.xlsx","2018-09-06 16:40:03","e1","a","81.0","e1a"
"353","tsarge1","isds1102s5","tsarge1_e1b_1536268942299.xlsx","2018-09-06 21:11:43","e1","b","100.0","e1b"
"354","tsarge1","isds1102s5","tsarge1_e1a_1536605538169.xlsx","2018-09-10 18:41:27","e1","a","87.5","e1a"
"355","tsarge1","isds1102s5","tsarge1_e1a_1536605584580.xlsx","2018-09-10 18:42:13","e1","a","100.0","e1a"
"356","wchen23","isds1102s5",NA,NA,NA,NA,NA,"NANA"
"357","hgarri6","isds1102s5",NA,NA,NA,NA,NA,"NANA"
"358","atromb2","isds1102s5","atromb2_e1a_1536251621885.xlsx","2018-09-06 16:23:03","e1","a","100.0","e1a"
"359","atromb2","isds1102s5","atromb2_e1b_1536252638221.xlsx","2018-09-06 16:39:59","e1","b","100.0","e1b"
"360","atromb2","isds1102s5","atromb2_e1a_1536353585635.xlsx","2018-09-07 20:42:23","e1","a","100.0","e1a"
"361","atromb2","isds1102s5","atromb2_e1b_1536353603467.xlsx","2018-09-07 20:42:41","e1","b","100.0","e1b"
"362","jsnodd2","isds1102s5","jsnodd2_e1a_1536251452773.xlsx","2018-09-06 16:20:14","e1","a","93.75","e1a"
"363","jsnodd2","isds1102s5","jsnodd2_e1b_1536251759146.xlsx","2018-09-06 16:25:20","e1","b","93.75","e1b"
"364","jsnodd2","isds1102s5","jsnodd2_e1c_1536593899424.xlsx","2018-09-10 15:27:30","e1","c","96.6666666667","e1c"
"365","jsnodd2","isds1102s5","jsnodd2_e1b_1536593912840.xlsx","2018-09-10 15:27:41","e1","b","93.75","e1b"
"366","jsnodd2","isds1102s5","jsnodd2_e1a_1536593917530.xlsx","2018-09-10 15:27:46","e1","a","93.75","e1a"
"367","jsnodd2","isds1102s5","jsnodd2_e1d_1536595214829.xlsx","2018-09-10 15:49:23","e1","d","83.3333333333","e1d"
"368","aware12","isds1102s5","aware12_e1a_1536252241847.xlsx","2018-09-06 16:33:23","e1","a","92.75","e1a"
"369","aware12","isds1102s5","aware12_e1b_1536252986721.xlsx","2018-09-06 16:45:48","e1","b","93.75","e1b"
"370","pmichi1","isds1102s5","pmichi1_e1a_1536251733589.xlsx","2018-09-06 16:25:05","e1","a","100.0","e1a"
"371","pmichi1","isds1102s5","pmichi1_e1b_1536252263527.xlsx","2018-09-06 16:33:45","e1","b","100.0","e1b"
"372","pmichi1","isds1102s5","pmichi1_e1c_1536537248787.xlsx","2018-09-09 23:43:19","e1","c","96.6666666667","e1c"
"373","mvelas5","isds1102s5","mvelas5_e1a_1536250774257.xlsx","2018-09-06 16:08:55","e1","a","100.0","e1a"
"374","mvelas5","isds1102s5","mvelas5_e1b_1536251714621.xlsx","2018-09-06 16:24:36","e1","b","100.0","e1b"
"375","mvelas5","isds1102s5","mvelas5_e1c_1536366108770.xlsx","2018-09-08 00:11:06","e1","c","40.0","e1c"
"376","cverde3","isds1102s5","cverde3_e1b_1536251428629.xlsx","2018-09-06 16:19:50","e1","b","100.0","e1b"
"377","cverde3","isds1102s5","cverde3_e1a_1536251467718.xlsx","2018-09-06 16:20:29","e1","a","100.0","e1a"
"378","adabit1","isds1102s5","adabit1_e1a_1536251569620.xlsx","2018-09-06 16:22:11","e1","a","100.0","e1a"
"379","adabit1","isds1102s5","adabit1_e1b_1536252769040.xlsx","2018-09-06 16:42:10","e1","b","100.0","e1b"
"380","ndanto2","isds1102s6","ndanto2_e1a_1536187435190.xlsx","2018-09-05 22:33:18","e1","a","100.0","e1a"
"381","ndanto2","isds1102s6","ndanto2_e1b_1536187772261.xlsx","2018-09-05 22:38:56","e1","b","100.0","e1b"
"382","ndanto2","isds1102s6","ndanto2_e1c_1536587730741.xlsx","2018-09-10 13:44:42","e1","c","63.3333333333","e1c"
"383","ndanto2","isds1102s6","ndanto2_e1d_1536615326613.xlsx","2018-09-10 21:24:34","e1","d","100.0","e1d"
"384","smoure2","isds1102s5","smoure2_e1a_1536251007132.xlsx","2018-09-06 16:12:49","e1","a","87.5","e1a"
"385","smoure2","isds1102s5","smoure2_e1b_1536252379402.xlsx","2018-09-06 16:35:41","e1","b","100.0","e1b"
"386","cdowde8","isds1102s3","cdowde8_e1a_1536601844669.xlsx","2018-09-10 17:39:53","e1","a","100.0","e1a"
"387","bgoodm7","isds1102s4","bgoodm7_e1a_1536543688688.xlsx","2018-09-10 01:30:39","e1","a","81.25","e1a"
"388","bgoodm7","isds1102s4","bgoodm7_e1a_1536560223603.xlsx","2018-09-10 06:06:13","e1","a","81.25","e1a"
"389","bgoodm7","isds1102s4","bgoodm7_e1a_1536598322493.xlsx","2018-09-10 16:41:11","e1","a","81.25","e1a"
"390","bgoodm7","isds1102s4","bgoodm7_e1c_1536599143887.xlsx","2018-09-10 16:54:52","e1","c","63.3333333333","e1c"
"391","bgoodm7","isds1102s4","bgoodm7_e1d_1536610403471.xlsx","2018-09-10 20:02:31","e1","d","100.0","e1d"
"392","bgoodm7","isds1102s4","bgoodm7_e1a_1536624555075.xlsx","2018-09-10 23:58:22","e1","a","81.25","e1a"
"393","bgoodm7","isds1102s4","bgoodm7_e1a_1536625153713.xlsx","2018-09-11 00:08:21","e1","a","81.25","e1a"
"394","bgoodm7","isds1102s4","bgoodm7_e1b_1536625245358.xlsx","2018-09-11 00:09:53","e1","b","100.0","e1b"
"395","bgoodm7","isds1102s4","bgoodm7_e1b_1536625348024.xlsx","2018-09-11 00:11:35","e1","b","100.0","e1b"
"396","vchiu1","isds1102s5",NA,NA,NA,NA,NA,"NANA"
"397","scarde3","isds1102s4","scarde3_e1a_1536544153527.xlsx","2018-09-10 01:38:25","e1","a","100.0","e1a"
"398","scarde3","isds1102s4","scarde3_e1b_1536545080015.xlsx","2018-09-10 01:53:50","e1","b","100.0","e1b"
"399","scarde3","isds1102s4","scarde3_e1c_1536597501569.xlsx","2018-09-10 16:27:30","e1","c","69.1666666667","e1c"
"400","scarde3","isds1102s4","scarde3_e1d_1536598771039.xlsx","2018-09-10 16:48:39","e1","d","100.0","e1d"
"401","aford48","isds1102s4",NA,NA,NA,NA,NA,"NANA"
"402","bjoh236","isds1102s4","bjoh236_e1a_1536187624914.xlsx","2018-09-05 22:36:28","e1","a","93.75","e1a"
"403","bjoh236","isds1102s4","bjoh236_e1b_1536187903330.xlsx","2018-09-05 22:41:07","e1","b","93.75","e1b"
"404","rweiss3","isds1102s4","rweiss3_e1a_1536188178644.xlsx","2018-09-05 22:45:42","e1","a","98.25","e1a"
"405","achopp4","isds1102s3","achopp4_e1a_1536181927081.xlsx","2018-09-05 21:01:31","e1","a","100.0","e1a"
"406","vgravo1","isds1102s4","vgravo1_e1a_1536188424185.xlsx","2018-09-05 22:49:48","e1","a","89.75","e1a"
"407","vgravo1","isds1102s4","vgravo1_e1b_1536529779453.xlsx","2018-09-09 21:38:50","e1","b","100.0","e1b"
"408","vgravo1","isds1102s4","vgravo1_e1c_1536537543032.xlsx","2018-09-09 23:48:14","e1","c","91.6666666667","e1c"
"409","vgravo1","isds1102s4","vgravo1_e1d_1536541360909.xlsx","2018-09-10 00:51:51","e1","d","50.0","e1d"
"410","nmcdav2","isds1102s3","nmcdav2_e1a_1536182659805.xlsx","2018-09-05 21:13:44","e1","a","93.75","e1a"
"411","nmcdav2","isds1102s3","nmcdav2_e1a_1536346155795.xlsx","2018-09-07 18:38:33","e1","a","93.75","e1a"
"412","nmcdav2","isds1102s3","nmcdav2_e1a_1536352536663.xlsx","2018-09-07 20:24:56","e1","a","93.75","e1a"
"413","nmcdav2","isds1102s3","nmcdav2_e1a_1536352672604.xlsx","2018-09-07 20:27:10","e1","a","100.0","e1a"
"414","nmcdav2","isds1102s3","nmcdav2_e1b_1536353463697.xlsx","2018-09-07 20:40:21","e1","b","100.0","e1b"
"415","nmcdav2","isds1102s3","nmcdav2_e1c_1536356294184.xlsx","2018-09-07 21:27:33","e1","c","100.0","e1c"
"416","nmcdav2","isds1102s3","nmcdav2_e1d_1536358017384.xlsx","2018-09-07 21:56:16","e1","d","100.0","e1d"
"417","ahallu3","isds1102s3","ahallu3_e1a_1536531017854.xlsx","2018-09-09 21:59:29","e1","a","87.5","e1a"
"418","kharp22","isds1102s3","kharp22_e1a_1536182669514.xlsx","2018-09-05 21:13:54","e1","a","87.5","e1a"
"419","adav236","isds1102s3",NA,NA,NA,NA,NA,"NANA"
"420","dsloan6","isds1102s4","dsloan6_e1b_1536207357285.xlsx","2018-09-06 04:05:20","e1","b","87.5","e1b"
"421","dpoor1","isds1102s3","dpoor1_e1a_1536182881225.xlsx","2018-09-05 21:17:25","e1","a","100.0","e1a"
"422","ckoncz1","isds1102s5","ckoncz1_e1b_1536250647854.xlsx","2018-09-06 16:06:49","e1","b","100.0","e1b"
"423","ckoncz1","isds1102s5","ckoncz1_e1c_1536252534788.xlsx","2018-09-06 16:38:16","e1","c","100.0","e1c"
"424","ckoncz1","isds1102s5","ckoncz1_e1d_1536531899576.xlsx","2018-09-09 22:14:10","e1","d","83.3333333333","e1d"
"425","ckoncz1","isds1102s5","ckoncz1_e1a_1536532502910.xlsx","2018-09-09 22:24:13","e1","a","100.0","e1a"
"426","mjohn74","isds1102s3","mjohn74_e1a_1535002231041.xlsx","2018-08-23 05:20:39","e1","a","100.0","e1a"
"427","mjohn74","isds1102s3","mjohn74_e1b_1535002400267.xlsx","2018-08-23 05:23:26","e1","b","100.0","e1b"
"428","mjohn74","isds1102s3","mjohn74_e1c_1535003051249.xlsx","2018-08-23 05:34:17","e1","c","100.0","e1c"
"429","mjohn74","isds1102s3","mjohn74_e1d_1535003771620.xlsx","2018-08-23 05:46:18","e1","d","100.0","e1d"
"430","mjohn74","isds1102s3","mjohn74_e2a_1536126815239.xlsx","2018-09-05 05:43:03","e2","a","100.0","e2a"
"431","mjohn74","isds1102s3","mjohn74_e2b_1536127112487.xlsx","2018-09-05 05:47:58","e2","b","100.0","e2b"
"432","mjohn74","isds1102s3","mjohn74_e2c_1536127712889.xlsx","2018-09-05 05:57:59","e2","c","83.3333333333","e2c"
"433","mjohn74","isds1102s3","mjohn74_e2d_1536128550254.xlsx","2018-09-05 06:11:56","e2","d","100.0","e2d"
"434","mjohn74","isds1102s3","mjohn74_e2e_1536129118794.xlsx","2018-09-05 06:21:24","e2","e","92.6666666667","e2e"
"435","ebro126","isds1102s4",NA,NA,NA,NA,NA,"NANA"
"436","ctho244","isds1102s6","ctho244_e1a_1535035199277.xlsx","2018-08-23 14:30:06","e1","a","93.75","e1a"
"437","ctho244","isds1102s6","ctho244_e1b_1535036111057.xlsx","2018-08-23 14:45:16","e1","b","100.0","e1b"
"438","ctho244","isds1102s6","ctho244_e1c_1535037341581.xlsx","2018-08-23 15:05:46","e1","c","96.6666666667","e1c"
"439","ctho244","isds1102s6","ctho244_e1d_1535037899324.xlsx","2018-08-23 15:15:04","e1","d","100.0","e1d"
"440","ctho244","isds1102s6","ctho244_e1a_1535132097871.xlsx","2018-08-24 17:25:01","e1","a","100.0","e1a"
"441","ctho244","isds1102s6","ctho244_e1c_1536097551085.xlsx","2018-09-04 21:35:18","e1","c","100.0","e1c"
"442","ctho244","isds1102s6","ctho244_e2a_1536537366064.xlsx","2018-09-09 23:45:17","e2","a","100.0","e2a"
"443","ctho244","isds1102s6","ctho244_e2b_1536537697501.xlsx","2018-09-09 23:50:48","e2","b","100.0","e2b"
"444","ctho244","isds1102s6","ctho244_e2c_1536539090498.xlsx","2018-09-10 00:14:01","e2","c","100.0","e2c"
"445","rhelms3","isds1102s3",NA,NA,NA,NA,NA,"NANA"
"446","ahend68","isds1102s3","ahend68_e1a_1536182077158.xlsx","2018-09-05 21:04:01","e1","a","74.5","e1a"
"447","ahend68","isds1102s3","ahend68_e1a_1536182538867.xlsx","2018-09-05 21:11:43","e1","a","67.75","e1a"
"448","ahend68","isds1102s3","ahend68_e1a_1536182966093.xlsx","2018-09-05 21:18:50","e1","a","100.0","e1a"
"449","ahend68","isds1102s3","ahend68_e1a_1536545409541.xlsx","2018-09-10 01:59:20","e1","a","87.5","e1a"
"450","ahend68","isds1102s3","ahend68_e1b_1536545634946.xlsx","2018-09-10 02:03:05","e1","b","100.0","e1b"
"451","csilas1","isds1102s4",NA,NA,NA,NA,NA,"NANA"
"452","dhupfe1","isds1102s4",NA,NA,NA,NA,NA,"NANA"
"453","cbrit13","isds1102s4","cbrit13_e1a_1536627229805.xlsx","2018-09-11 00:43:00","e1","a","93.75","e1a"
"454","cbrit13","isds1102s4","cbrit13_e1b_1536627681261.xlsx","2018-09-11 00:50:29","e1","b","93.75","e1b"
"455","cbrit13","isds1102s4","cbrit13_e1a_1536633902555.xlsx","2018-09-11 02:34:10","e1","a","93.75","e1a"
"456","cbrit13","isds1102s4","cbrit13_e1b_1536633909925.xlsx","2018-09-11 02:34:17","e1","b","93.75","e1b"
"457","dmccal7","isds1102s4","dmccal7_e1a_1536187829637.xlsx","2018-09-05 22:39:53","e1","a","93.75","e1a"
"458","dmccal7","isds1102s4","dmccal7_e1a_1536188549765.xlsx","2018-09-05 22:51:53","e1","a","93.75","e1a"
"459","dmccal7","isds1102s4","dmccal7_e1b_1536188656183.xlsx","2018-09-05 22:53:39","e1","b","93.75","e1b"
"460","dmccal7","isds1102s4","dmccal7_e1a_1536613965856.xlsx","2018-09-10 21:01:54","e1","a","93.75","e1a"
"461","dmccal7","isds1102s4","dmccal7_e1b_1536614023450.xlsx","2018-09-10 21:02:51","e1","b","93.75","e1b"
"462","dmccal7","isds1102s4","dmccal7_e1c_1536615898286.xlsx","2018-09-10 21:34:06","e1","c","60.5","e1c"
"463","dmccal7","isds1102s4","dmccal7_e1c_1536616180059.xlsx","2018-09-10 21:38:48","e1","c","70.5","e1c"
"464","dmccal7","isds1102s4","dmccal7_e1d_1536616777718.xlsx","2018-09-10 21:48:45","e1","d","100.0","e1d"
"465","gweber5","isds1102s4","gweber5_e1a_1536537416897.xlsx","2018-09-09 23:46:07","e1","a","87.5","e1a"
"466","gweber5","isds1102s4","gweber5_e1b_1536538097496.xlsx","2018-09-09 23:57:28","e1","b","100.0","e1b"
"467","gweber5","isds1102s4","gweber5_e1c_1536539914249.xlsx","2018-09-10 00:27:45","e1","c","85.0","e1c"
"468","gweber5","isds1102s4","gweber5_e1d_1536605578167.xlsx","2018-09-10 18:42:06","e1","d","100.0","e1d"
"469","cmayna5","isds1102s4","cmayna5_e1a_1536201803376.xlsx","2018-09-06 02:32:46","e1","a","100.0","e1a"
"470","bdoiro4","isds1102s3","bdoiro4_e1a_1534969540434.xlsx","2018-08-22 20:15:50","e1","a","100.0","e1a"
"471","bdoiro4","isds1102s3","bdoiro4_e1b_1534970148493.xlsx","2018-08-22 20:25:56","e1","b","100.0","e1b"
"472","bdoiro4","isds1102s3","bdoiro4_e1c_1534970773534.xlsx","2018-08-22 20:36:21","e1","c","83.3333333333","e1c"
"473","bdoiro4","isds1102s3","bdoiro4_e1d_1534971781860.xlsx","2018-08-22 20:53:09","e1","d","100.0","e1d"
"474","bdoiro4","isds1102s3","bdoiro4_e2a_1536279976020.xlsx","2018-09-07 00:15:37","e2","a","100.0","e2a"
"475","bdoiro4","isds1102s3","bdoiro4_e2d_1536283096384.xlsx","2018-09-07 01:07:36","e2","d","100.0","e2d"
"476","bdoiro4","isds1102s3","bdoiro4_e2b_1536291021627.xlsx","2018-09-07 03:19:41","e2","b","100.0","e2b"
"477","bdoiro4","isds1102s3","bdoiro4_e2c_1536291757356.xlsx","2018-09-07 03:31:58","e2","c","83.3333333333","e2c"
"478","bdoiro4","isds1102s3","bdoiro4_e2c_1536291867337.xlsx","2018-09-07 03:33:47","e2","c","100.0","e2c"
"479","bdoiro4","isds1102s3","bdoiro4_e2d_1536292648605.xlsx","2018-09-07 03:46:48","e2","d","100.0","e2d"
"480","bdoiro4","isds1102s3","bdoiro4_e2e_1536293197225.xlsx","2018-09-07 03:55:57","e2","e","100.0","e2e"
"481","dderoa1","isds1102s4","dderoa1_e1a_1536564136489.xlsx","2018-09-10 07:11:26","e1","a","100.0","e1a"
"482","dderoa1","isds1102s4","dderoa1_e1a_1536564190094.xlsx","2018-09-10 07:12:20","e1","a","100.0","e1a"
"483","csloat1","isds1102s4",NA,NA,NA,NA,NA,"NANA"
"484","elissa1","isds1102s3","elissa1_e1a_1536358619699.xlsx","2018-09-07 22:06:18","e1","a","99.5","e1a"
"485","elissa1","isds1102s3","elissa1_e1a_1536358670679.xlsx","2018-09-07 22:07:08","e1","a","93.25","e1a"
"486","elissa1","isds1102s3","elissa1_e1b_1536359830690.xlsx","2018-09-07 22:26:28","e1","b","100.0","e1b"
"487","inosac1","isds1102s4","inosac1_e1a_1536614212346.xlsx","2018-09-10 21:06:00","e1","a","99.0","e1a"
"488","gland31","isds1102s6","gland31_e1a_1535407491454.xlsx","2018-08-27 21:54:45","e1","a","100.0","e1a"
"489","gland31","isds1102s6","gland31_e1b_1535407627100.xlsx","2018-08-27 21:56:58","e1","b","100.0","e1b"
"490","gland31","isds1102s6","gland31_e1c_1535409414890.xlsx","2018-08-27 22:26:49","e1","c","93.3333333333","e1c"
"491","gland31","isds1102s6","gland31_e1d_1535409999574.xlsx","2018-08-27 22:36:31","e1","d","100.0","e1d"
"492","jopden1","isds1102s4",NA,NA,NA,NA,NA,"NANA"
"493","mbecn14","isds1102s6","mbecn14_e1a_1536187939166.xlsx","2018-09-05 22:41:42","e1","a","100.0","e1a"
"494","cboud79","isds1102s4","cboud79_e1a_1536188767020.xlsx","2018-09-05 22:55:30","e1","a","100.0","e1a"
"495","cboud79","isds1102s4","cboud79_e1b_1536529734809.xlsx","2018-09-09 21:38:06","e1","b","100.0","e1b"
"496","cboud79","isds1102s4","cboud79_e1c_1536532403498.xlsx","2018-09-09 22:22:34","e1","c","78.3333333333","e1c"
"497","cboud79","isds1102s4","cboud79_e1c_1536532544879.xlsx","2018-09-09 22:24:55","e1","c","88.3333333333","e1c"
"498","cboud79","isds1102s4","cboud79_e1d_1536607068530.xlsx","2018-09-10 19:06:57","e1","d","83.3333333333","e1d"
"499","bcrump2","isds1102s4","bcrump2_e1a_1536188040591.xlsx","2018-09-05 22:43:26","e1","a","87.5","e1a"
"500","bcrump2","isds1102s4","bcrump2_e1b_1536591970017.xlsx","2018-09-10 14:55:19","e1","b","100.0","e1b"
"501","alang24","isds1102s3","alang24_e1a_1536203695919.xlsx","2018-09-06 03:04:19","e1","a","86.5","e1a"
"502","chogan8","isds1102s3","chogan8_e1a_1536184834054.xlsx","2018-09-05 21:49:58","e1","a","96.5","e1a"
"503","chogan8","isds1102s3","chogan8_e1a_1536184930189.xlsx","2018-09-05 21:51:34","e1","a","100.0","e1a"
"504","chogan8","isds1102s3","chogan8_e1b_1536207519789.xlsx","2018-09-06 04:08:02","e1","b","100.0","e1b"
"505","chogan8","isds1102s3","chogan8_e1c_1536210513241.xlsx","2018-09-06 04:57:56","e1","c","100.0","e1c"
"506","chogan8","isds1102s3","chogan8_e1d_1536283353500.xlsx","2018-09-07 01:11:53","e1","d","66.6666666667","e1d"
"507","chogan8","isds1102s3","chogan8_e1d_1536283475498.xlsx","2018-09-07 01:13:55","e1","d","66.6666666667","e1d"
"508","chogan8","isds1102s3","chogan8_e1d_1536283596301.xlsx","2018-09-07 01:15:56","e1","d","66.6666666667","e1d"
"509","jrod131","isds1102s3","jrod131_e1b_1536182692992.xlsx","2018-09-05 21:14:17","e1","b","100.0","e1b"
"510","jrod131","isds1102s3","jrod131_e1a_1536207816480.xlsx","2018-09-06 04:12:59","e1","a","100.0","e1a"
"511","jrod131","isds1102s3","jrod131_e1c_1536210195431.xlsx","2018-09-06 04:52:40","e1","c","100.0","e1c"
"512","jrod131","isds1102s3","jrod131_e1d_1536282509262.xlsx","2018-09-07 00:57:49","e1","d","83.3333333333","e1d"
"513","jrod131","isds1102s3","jrod131_e1d_1536282594272.xlsx","2018-09-07 00:59:14","e1","d","83.3333333333","e1d"
"514","jrod131","isds1102s3","jrod131_e1d_1536282648739.xlsx","2018-09-07 01:00:08","e1","d","83.3333333333","e1d"
"515","llevat1","isds1102s3","llevat1_e1b_1536182463975.xlsx","2018-09-05 21:10:27","e1","b","87.5","e1b"
"516","llevat1","isds1102s3","llevat1_e1a_1536253348378.xlsx","2018-09-06 16:51:50","e1","a","100.0","e1a"
"517","llevat1","isds1102s3","llevat1_e1b_1536253464447.xlsx","2018-09-06 16:53:45","e1","b","100.0","e1b"
"518","llevat1","isds1102s3","llevat1_e1c_1536255041574.xlsx","2018-09-06 17:20:03","e1","c","63.3333333333","e1c"
"519","llevat1","isds1102s3","llevat1_e1d_1536283594897.xlsx","2018-09-07 01:15:55","e1","d","100.0","e1d"
"520","jkin112","isds1102s3","jkin112_e1a_1536186592716.xlsx","2018-09-05 22:19:16","e1","a","77.75","e1a"
"521","jcogan1","isds1102s3","jcogan1_e1a_1536183177772.xlsx","2018-09-05 21:22:21","e1","a","100.0","e1a"
"522","bwils77","isds1102s3",NA,NA,NA,NA,NA,"NANA"
"523","epoloz1","isds1102s3","epoloz1_e1a_1536182583206.xlsx","2018-09-05 21:12:27","e1","a","100.0","e1a"
"524","hlebl28","isds1102s3","hlebl28_e1a_1536641604758.xlsx","2018-09-11 04:42:32","e1","a","100.0","e1a"
"525","hlebl28","isds1102s3","hlebl28_e1c_1536645509349.xlsx","2018-09-11 05:47:36","e1","c","96.6666666667","e1c"
"526","ihazar1","isds1102s3","ihazar1_e1a_1536183213155.xlsx","2018-09-05 21:22:58","e1","a","93.75","e1a"
"527","clacos6","isds1102s3","clacos6_e1a_1536182842654.xlsx","2018-09-05 21:16:46","e1","a","93.75","e1a"
"528","clacos6","isds1102s3","clacos6_e1a_1536183076893.xlsx","2018-09-05 21:20:40","e1","a","84.25","e1a"
"529","clacos6","isds1102s3","clacos6_e1a_1536185783112.xlsx","2018-09-05 22:05:46","e1","a","100.0","e1a"
"530","jwebb47","isds1102s3","jwebb47_e1a_1536185236891.xlsx","2018-09-05 21:56:40","e1","a","93.75","e1a"
"531","jwebb47","isds1102s3","jwebb47_e1b_1536551168035.xlsx","2018-09-10 03:35:18","e1","b","93.75","e1b"
"532","jrowe6","isds1102s3","jrowe6_e1a_1536181912170.xlsx","2018-09-05 21:01:16","e1","a","93.75","e1a"
"533","jrowe6","isds1102s3","jrowe6_e1b_1536182279912.xlsx","2018-09-05 21:07:23","e1","b","93.75","e1b"
"534","jrowe6","isds1102s3","jrowe6_e1c_1536195050011.xlsx","2018-09-06 00:40:13","e1","c","73.3333333333","e1c"
"535","jrowe6","isds1102s3","jrowe6_e1d_1536527978292.xlsx","2018-09-09 21:08:49","e1","d","66.6666666667","e1d"
"536","mcraw36","isds1102s3","mcraw36_e1a_1536195400593.xlsx","2018-09-06 00:46:04","e1","a","100.0","e1a"
"537","mcraw36","isds1102s3","mcraw36_e1b_1536195407281.xlsx","2018-09-06 00:46:10","e1","b","75.0","e1b"
"538","fchene1","isds1102s3","fchene1_e1a_1536182997312.xlsx","2018-09-05 21:19:21","e1","a","69.75","e1a"
"539","jmit115","isds1102s3","jmit115_e1a_1536182467863.xlsx","2018-09-05 21:10:31","e1","a","90.5","e1a"
"540","jmit115","isds1102s3","jmit115_e1b_1536182951984.xlsx","2018-09-05 21:18:35","e1","b","100.0","e1b"
"541","jmit115","isds1102s3","jmit115_e1c_1536594346505.xlsx","2018-09-10 15:34:55","e1","c","55.3333333333","e1c"
"542","jmit115","isds1102s3","jmit115_e1d_1536595322258.xlsx","2018-09-10 15:51:11","e1","d","100.0","e1d"
"543","jmcdev2","isds1102s3","jmcdev2_e1a_1536182485613.xlsx","2018-09-05 21:10:49","e1","a","100.0","e1a"
"544","jmcdev2","isds1102s3","jmcdev2_e1b_1536182920882.xlsx","2018-09-05 21:18:04","e1","b","100.0","e1b"
"545","efrand1","isds1102s3","efrand1_e1a_1536183076788.xlsx","2018-09-05 21:20:40","e1","a","93.75","e1a"
"546","efrand1","isds1102s3","efrand1_e1b_1536557292678.xlsx","2018-09-10 05:17:29","e1","b","84.0","e1b"
"547","mprado4","isds1102s3",NA,NA,NA,NA,NA,"NANA"
"548","pyoun15","isds1102s3","pyoun15_e1a_1536182889361.xlsx","2018-09-05 21:17:33","e1","a","99.25","e1a"
"549","mnarci1","isds1102s3","mnarci1_e1a_1536181862017.xlsx","2018-09-05 21:00:25","e1","a","100.0","e1a"
"550","mnarci1","isds1102s3","mnarci1_e1b_1536182153717.xlsx","2018-09-05 21:05:17","e1","b","100.0","e1b"
"551","mnarci1","isds1102s3","mnarci1_e1b_1536182220211.xlsx","2018-09-05 21:06:24","e1","b","100.0","e1b"
"552","mnarci1","isds1102s3","mnarci1_e1c_1536600111819.xlsx","2018-09-10 17:11:01","e1","c","80.0","e1c"
"553","tlebl47","isds1102s3","tlebl47_e1a_1536246357862.xlsx","2018-09-06 14:55:21","e1","a","100.0","e1a"
"554","tlebl47","isds1102s3","tlebl47_e1a_1536517203860.xlsx","2018-09-09 18:09:17","e1","a","100.0","e1a"
"555","tlebl47","isds1102s3","tlebl47_e1b_1536517669433.xlsx","2018-09-09 18:17:01","e1","b","100.0","e1b"
"556","tlebl47","isds1102s3","tlebl47_e1c_1536554440417.xlsx","2018-09-10 04:29:51","e1","c","81.6666666667","e1c"
"557","tlebl47","isds1102s3","tlebl47_e1d_1536555207199.xlsx","2018-09-10 04:42:37","e1","d","100.0","e1d"
"558","jbens14","isds1102s3","jbens14_e1a_1536182710785.xlsx","2018-09-05 21:14:34","e1","a","93.75","e1a"
"559","jbens14","isds1102s3","jbens14_e1a_1536183011444.xlsx","2018-09-05 21:19:35","e1","a","100.0","e1a"
"560","jbens14","isds1102s3","jbens14_e1b_1536555523361.xlsx","2018-09-10 04:47:53","e1","b","100.0","e1b"
"561","tjon212","isds1102s3",NA,NA,NA,NA,NA,"NANA"
"562","ather27","isds1102s3","ather27_e1a_1536186206248.xlsx","2018-09-05 22:12:50","e1","a","87.5","e1a"
"563","ather27","isds1102s3","ather27_e1b_1536340589600.xlsx","2018-09-07 17:05:47","e1","b","75.0","e1b"
"564","crobbi6","isds1102s3",NA,NA,NA,NA,NA,"NANA"
"565","jkings8","isds1102s3",NA,NA,NA,NA,NA,"NANA"
"566","hchilm1","isds1102s3","hchilm1_e1a_1536182955973.xlsx","2018-09-05 21:18:39","e1","a","93.75","e1a"
"567","hchilm1","isds1102s3","hchilm1_e1a_1536183058466.xlsx","2018-09-05 21:20:22","e1","a","93.75","e1a"
"568","sholl19","isds1102s3","sholl19_e1a_1536182334511.xlsx","2018-09-05 21:08:18","e1","a","91.0","e1a"
"569","sholl19","isds1102s3","sholl19_e1c_1536198382981.xlsx","2018-09-06 01:35:47","e1","c","75.0","e1c"
"570","sholl19","isds1102s3","sholl19_e1d_1536199609203.xlsx","2018-09-06 01:56:12","e1","d","100.0","e1d"
"571","sholl19","isds1102s3","sholl19_e1b_1536199995376.xlsx","2018-09-06 02:02:38","e1","b","93.75","e1b"
"572","jgeor32","isds1102s3","jgeor32_e1b_1536183115040.xlsx","2018-09-05 21:21:18","e1","b","100.0","e1b"
"573","jgeor32","isds1102s3","jgeor32_e1b_1536535599126.xlsx","2018-09-09 23:15:50","e1","b","100.0","e1b"
"574","wdaley1","isds1102s3","wdaley1_e1a_1536183116533.xlsx","2018-09-05 21:21:20","e1","a","84.75","e1a"
"575","wdaley1","isds1102s3","wdaley1_e1b_1536185311396.xlsx","2018-09-05 21:57:55","e1","b","75.0","e1b"
"576","wdaley1","isds1102s3","wdaley1_e1d_1536608993043.xlsx","2018-09-10 19:39:02","e1","d","100.0","e1d"
"577","wdaley1","isds1102s3","wdaley1_e1c_1536609099740.xlsx","2018-09-10 19:40:48","e1","c","0.0","e1c"
"578","ztayl12","isds1102s3",NA,NA,NA,NA,NA,"NANA"
"579","cbococ2","isds1102s3","cbococ2_e1a_1536182472981.xlsx","2018-09-05 21:10:36","e1","a","94.5","e1a"
"580","cbococ2","isds1102s3","cbococ2_e1a_1536182662569.xlsx","2018-09-05 21:13:47","e1","a","94.5","e1a"
"581","cbococ2","isds1102s3","cbococ2_e1a_1536183017087.xlsx","2018-09-05 21:19:40","e1","a","100.0","e1a"
"582","tscard2","isds1102s3",NA,NA,NA,NA,NA,"NANA"
"583","clavin4","isds1102s3",NA,NA,NA,NA,NA,"NANA"
"584","gschul4","isds1102s3",NA,NA,NA,NA,NA,"NANA"
"585","kcham27","isds1102s3","kcham27_e1a_1536184396514.xlsx","2018-09-05 21:42:40","e1","a","93.75","e1a"
"586","kbeckm2","isds1102s3","kbeckm2_e1a_1536182944447.xlsx","2018-09-05 21:18:28","e1","a","93.75","e1a"
"587","kbeckm2","isds1102s3","kbeckm2_e1a_1536205438128.xlsx","2018-09-06 03:33:21","e1","a","93.75","e1a"
"588","kbeckm2","isds1102s3","kbeckm2_e1c_1536210718431.xlsx","2018-09-06 05:01:21","e1","c","96.6666666667","e1c"
"589","kbeckm2","isds1102s3","kbeckm2_e1c_1536210857883.xlsx","2018-09-06 05:03:40","e1","c","100.0","e1c"
"590","kbeckm2","isds1102s3","kbeckm2_e1b_1536300048465.xlsx","2018-09-07 05:50:08","e1","b","100.0","e1b"
"591","kbeckm2","isds1102s3","kbeckm2_e1d_1536300081217.xlsx","2018-09-07 05:50:40","e1","d","100.0","e1d"
"592","toffle1","isds1102s3","toffle1_e1b_1536592031893.xlsx","2018-09-10 14:56:20","e1","b","87.5","e1b"
"593","toffle1","isds1102s3","toffle1_e1a_1536592052179.xlsx","2018-09-10 14:56:40","e1","a","87.5","e1a"
"594","ppratt1","isds1102s4",NA,NA,NA,NA,NA,"NANA"
"595","cweint1","isds1102s4",NA,NA,NA,NA,NA,"NANA"
"596","nbergs1","isds1102s4","nbergs1_e1a_1536562588424.xlsx","2018-09-10 06:45:40","e1","a","68.75","e1a"
"597","mdanfo2","isds1102s4",NA,NA,NA,NA,NA,"NANA"
"598","ecaill3","isds1102s4","ecaill3_e1a_1536553158758.xlsx","2018-09-10 04:08:29","e1","a","100.0","e1a"
"599","ecaill3","isds1102s4","ecaill3_e1a_1536553944132.xlsx","2018-09-10 04:21:37","e1","a","90.5","e1a"
"600","ecaill3","isds1102s4","ecaill3_e1b_1536554052537.xlsx","2018-09-10 04:23:22","e1","b","84.25","e1b"
"601","jraba15","isds1102s4","jraba15_e1a_1536189015579.xlsx","2018-09-05 22:59:39","e1","a","87.5","e1a"
"602","jraba15","isds1102s4","jraba15_e1a_1536189035535.xlsx","2018-09-05 22:59:59","e1","a","87.5","e1a"
"603","lkinca1","isds1102s4","lkinca1_e1a_1536188527722.xlsx","2018-09-05 22:51:32","e1","a","98.25","e1a"
"604","jpulei1","isds1102s4",NA,NA,NA,NA,NA,"NANA"
"605","mmoshe3","isds1102s4","mmoshe3_e1a_1536187769843.xlsx","2018-09-05 22:38:55","e1","a","100.0","e1a"
"606","jharne6","isds1102s4","jharne6_e1a_1536188460308.xlsx","2018-09-05 22:50:24","e1","a","96.5","e1a"
"607","jharne6","isds1102s4","jharne6_e1b_1536546821111.xlsx","2018-09-10 02:22:51","e1","b","87.5","e1b"
"608","jharne6","isds1102s4","jharne6_e1b_1536546898157.xlsx","2018-09-10 02:24:09","e1","b","87.5","e1b"
"609","jharne6","isds1102s4","jharne6_e1b_1536546959382.xlsx","2018-09-10 02:25:09","e1","b","87.5","e1b"
"610","jdaly6","isds1102s4",NA,NA,NA,NA,NA,"NANA"
"611","scheva2","isds1102s4",NA,NA,NA,NA,NA,"NANA"
"612","hwilk13","isds1102s4","hwilk13_e1a_1536188510927.xlsx","2018-09-05 22:51:14","e1","a","81.25","e1a"
"613","hwilk13","isds1102s4","hwilk13_e1b_1536188594252.xlsx","2018-09-05 22:52:37","e1","b","62.5","e1b"
"614","hwilk13","isds1102s4","hwilk13_e1c_1536612654695.xlsx","2018-09-10 20:40:04","e1","c","36.6666666667","e1c"
"615","hwilk13","isds1102s4","hwilk13_e1d_1536613531158.xlsx","2018-09-10 20:54:39","e1","d","0.0","e1d"
"616","bsimm21","isds1102s4","bsimm21_e1a_1536269358468.xlsx","2018-09-06 21:18:39","e1","a","97.25","e1a"
"617","bsimm21","isds1102s4","bsimm21_e1b_1536270547253.xlsx","2018-09-06 21:38:28","e1","b","100.0","e1b"
"618","oferna2","isds1102s4",NA,NA,NA,NA,NA,"NANA"
"619","jhanzo2","isds1102s4","jhanzo2_e1a_1536202282858.xlsx","2018-09-06 02:40:47","e1","a","87.5","e1a"
"620","jhanzo2","isds1102s4","jhanzo2_e1a_1536207182690.xlsx","2018-09-06 04:02:25","e1","a","87.5","e1a"
"621","pmanni4","isds1102s4",NA,NA,NA,NA,NA,"NANA"
"622","pcassi3","isds1102s4",NA,NA,NA,NA,NA,"NANA"
"623","jshelb5","isds1102s4",NA,NA,NA,NA,NA,"NANA"
"624","dsmi286","isds1102s4",NA,NA,NA,NA,NA,"NANA"
"625","jbolle3","isds1102s4",NA,NA,NA,NA,NA,"NANA"
"626","tpayne8","isds1102s4",NA,NA,NA,NA,NA,"NANA"
"627","cklous1","isds1102s4","cklous1_e1a_1536188153009.xlsx","2018-09-05 22:45:16","e1","a","81.25","e1a"
"628","cklous1","isds1102s4","cklous1_e1b_1536188467088.xlsx","2018-09-05 22:50:31","e1","b","68.75","e1b"
"629","nhagan2","isds1102s4","nhagan2_e1a_1536187627920.xlsx","2018-09-05 22:36:31","e1","a","100.0","e1a"
"630","nhagan2","isds1102s4","nhagan2_e1b_1536188120567.xlsx","2018-09-05 22:44:44","e1","b","87.5","e1b"
"631","rcome15","isds1102s4","rcome15_e1d_1536248347578.xlsx","2018-09-06 15:28:29","e1","d","0.0","e1d"
"632","rcome15","isds1102s4","rcome15_e1a_1536253985582.xlsx","2018-09-06 17:02:27","e1","a","81.25","e1a"
"633","rcome15","isds1102s4","rcome15_e1a_1536254176762.xlsx","2018-09-06 17:05:38","e1","a","81.25","e1a"
"634","rcome15","isds1102s4","rcome15_e1a_1536255317617.xlsx","2018-09-06 17:24:38","e1","a","80.25","e1a"
"635","rcome15","isds1102s4","rcome15_e1b_1536255322693.xlsx","2018-09-06 17:24:43","e1","b","87.5","e1b"
"636","rcome15","isds1102s4","rcome15_e1d_1536264543006.xlsx","2018-09-06 19:58:23","e1","d","50.0","e1d"
"637","rcome15","isds1102s4","rcome15_e1c_1536264551232.xlsx","2018-09-06 19:58:32","e1","c","53.3333333333","e1c"
"638","rcome15","isds1102s4","rcome15_e1b_1536264557502.xlsx","2018-09-06 19:58:38","e1","b","87.5","e1b"
"639","rcome15","isds1102s4","rcome15_e1a_1536264563995.xlsx","2018-09-06 19:58:44","e1","a","80.25","e1a"
"640","rcome15","isds1102s4","rcome15_e1c_1536264818059.xlsx","2018-09-06 20:02:59","e1","c","53.3333333333","e1c"
"641","rcome15","isds1102s4","rcome15_e1b_1536265103212.xlsx","2018-09-06 20:07:45","e1","b","100.0","e1b"
"642","rcome15","isds1102s4","rcome15_e1a_1536265116499.xlsx","2018-09-06 20:07:57","e1","a","80.25","e1a"
"643","rcome15","isds1102s4","rcome15_e1a_1536265679316.xlsx","2018-09-06 20:17:20","e1","a","100.0","e1a"
"644","rcome15","isds1102s4","rcome15_e1b_1536265754709.xlsx","2018-09-06 20:18:35","e1","b","100.0","e1b"
"645","rcome15","isds1102s4","rcome15_e1a_1536265977822.xlsx","2018-09-06 20:22:18","e1","a","100.0","e1a"
"646","rcome15","isds1102s4","rcome15_e1b_1536265983472.xlsx","2018-09-06 20:22:24","e1","b","100.0","e1b"
"647","rcome15","isds1102s4","rcome15_e1c_1536266008237.xlsx","2018-09-06 20:22:49","e1","c","53.3333333333","e1c"
"648","rcome15","isds1102s4","rcome15_e1d_1536266013722.xlsx","2018-09-06 20:22:54","e1","d","50.0","e1d"
"649","trich66","isds1102s4",NA,NA,NA,NA,NA,"NANA"
"650","brodr35","isds1102s4","brodr35_e1a_1536188467295.xlsx","2018-09-05 22:50:32","e1","a","93.75","e1a"
"651","gcress2","isds1102s4",NA,NA,NA,NA,NA,"NANA"
"652","shealy3","isds1102s4","shealy3_e1a_1536286227881.xlsx","2018-09-07 01:59:48","e1","a","100.0","e1a"
"653","nblanc7","isds1102s4",NA,NA,NA,NA,NA,"NANA"
"654","pklous1","isds1102s4","pklous1_e1a_1536188349496.xlsx","2018-09-05 22:48:33","e1","a","100.0","e1a"
"655","pklous1","isds1102s4","pklous1_e1a_1536188370727.xlsx","2018-09-05 22:48:54","e1","a","100.0","e1a"
"656","pklous1","isds1102s4","pklous1_e1b_1536528419385.xlsx","2018-09-09 21:16:11","e1","b","100.0","e1b"
"657","nnicho9","isds1102s4","nnicho9_e1a_1536623571134.xlsx","2018-09-10 23:41:58","e1","a","75.0","e1a"
"658","nnicho9","isds1102s4","nnicho9_e1a_1536623741572.xlsx","2018-09-10 23:44:49","e1","a","75.0","e1a"
"659","nnicho9","isds1102s4","nnicho9_e1a_1536624050666.xlsx","2018-09-10 23:49:58","e1","a","75.0","e1a"
"660","nnicho9","isds1102s4","nnicho9_e1a_1536624184152.xlsx","2018-09-10 23:52:12","e1","a","86.75","e1a"
"661","nnicho9","isds1102s4","nnicho9_e1a_1536624252538.xlsx","2018-09-10 23:53:20","e1","a","99.25","e1a"
"662","tsmi281","isds1102s4","tsmi281_e1a_1536623550567.xlsx","2018-09-10 23:41:39","e1","a","93.25","e1a"
"663","tsmi281","isds1102s4","tsmi281_e1a_1536623670728.xlsx","2018-09-10 23:43:38","e1","a","100.0","e1a"
"664","pgreay1","isds1102s4",NA,NA,NA,NA,NA,"NANA"
"665","nspiza1","isds1102s4","nspiza1_e1a_1536188305648.xlsx","2018-09-05 22:47:49","e1","a","100.0","e1a"
"666","jphea1","isds1102s4","jphea1_e1a_1536542850508.xlsx","2018-09-10 01:16:41","e1","a","87.5","e1a"
"667","jphea1","isds1102s4","jphea1_e1a_1536612994048.xlsx","2018-09-10 20:45:42","e1","a","87.5","e1a"
"668","jphea1","isds1102s4","jphea1_e1b_1536613697147.xlsx","2018-09-10 20:57:25","e1","b","75.0","e1b"
"669","jphea1","isds1102s4","jphea1_e1c_1536623792338.xlsx","2018-09-10 23:45:41","e1","c","94.5","e1c"
"670","ldelan2","isds1102s6","ldelan2_e1a_1536187053498.xlsx","2018-09-05 22:26:58","e1","a","100.0","e1a"
"671","ldelan2","isds1102s6","ldelan2_e1b_1536187857685.xlsx","2018-09-05 22:40:22","e1","b","100.0","e1b"
"672","rlevra1","isds1102s6","rlevra1_e1a_1536188077118.xlsx","2018-09-05 22:44:00","e1","a","97.25","e1a"
"673","rlevra1","isds1102s6","rlevra1_e1b_1536188776699.xlsx","2018-09-05 22:55:40","e1","b","100.0","e1b"
"674","cnicol5","isds1102s6","cnicol5_e1a_1536188243986.xlsx","2018-09-05 22:46:47","e1","a","87.5","e1a"
"675","bmil132","isds1102s6","bmil132_e1a_1536188030828.xlsx","2018-09-05 22:43:15","e1","a","88.5","e1a"
"676","fpoche2","isds1102s6","fpoche2_e1a_1536187581686.xlsx","2018-09-05 22:35:46","e1","a","94.75","e1a"
"677","fpoche2","isds1102s6","fpoche2_e1a_1536613273542.xlsx","2018-09-10 20:50:21","e1","a","94.75","e1a"
"678","fpoche2","isds1102s6","fpoche2_e1b_1536613345509.xlsx","2018-09-10 20:51:35","e1","b","100.0","e1b"
"679","fpoche2","isds1102s6","fpoche2_e1c_1536613499591.xlsx","2018-09-10 20:54:08","e1","c","100.0","e1c"
"680","fpoche2","isds1102s6","fpoche2_e1d_1536613565130.xlsx","2018-09-10 20:55:13","e1","d","100.0","e1d"
"681","sobri17","isds1102s4","sobri17_e1a_1536188539147.xlsx","2018-09-05 22:51:43","e1","a","100.0","e1a"
"682","nroble4","isds1102s4","nroble4_e1a_1536188430105.xlsx","2018-09-05 22:49:53","e1","a","100.0","e1a"
"683","cjac148","isds1102s6",NA,NA,NA,NA,NA,"NANA"
"684","tahluw1","isds1102s3","tahluw1_e1a_1536598451599.xlsx","2018-09-10 16:43:20","e1","a","93.75","e1a"
"685","tahluw1","isds1102s3","tahluw1_e1a_1536598830010.xlsx","2018-09-10 16:49:38","e1","a","93.75","e1a"
"686","tahluw1","isds1102s3","tahluw1_e1a_1536599160715.xlsx","2018-09-10 16:55:09","e1","a","97.25","e1a"
"687","cours11","isds1102s5",NA,NA,NA,NA,NA,"NANA"
"688","jmackl1","isds1102s6",NA,NA,NA,NA,NA,"NANA"
"689","aberr19","isds1102s3",NA,NA,NA,NA,NA,"NANA"
"690","dcoop32","isds1102s3","dcoop32_e1a_1536182934768.xlsx","2018-09-05 21:18:20","e1","a","100.0","e1a"
"691","jdaven7","isds1102s3","jdaven7_e1a_1536182784329.xlsx","2018-09-05 21:15:48","e1","a","87.5","e1a"
"692","jdaven7","isds1102s3","jdaven7_e1a_1536551361306.xlsx","2018-09-10 03:38:31","e1","a","87.5","e1a"
"693","jdaven7","isds1102s3","jdaven7_e1b_1536551588355.xlsx","2018-09-10 03:42:19","e1","b","87.5","e1b"
"694","jdaven7","isds1102s3","jdaven7_e1c_1536559743999.xlsx","2018-09-10 05:58:16","e1","c","83.3333333333","e1c"
"695","jpitr36","isds1102s4",NA,NA,NA,NA,NA,"NANA"
"696","adurha3","isds1102s5",NA,NA,NA,NA,NA,"NANA"
"697","dbroo32","isds1102s3",NA,NA,NA,NA,NA,"NANA"
"698","mhulin4","isds1102s5",NA,NA,NA,NA,NA,"NANA"
"699","dahmed3","isds1102s5","dahmed3_e1a_1536080229518.xlsx","2018-09-04 16:46:39","e1","a","100.0","e1a"
"700","dahmed3","isds1102s5","dahmed3_e1b_1536251406635.xlsx","2018-09-06 16:19:28","e1","b","93.75","e1b"
"701","dahmed3","isds1102s5","dahmed3_e1b_1536251628560.xlsx","2018-09-06 16:23:09","e1","b","93.75","e1b"
"702","dahmed3","isds1102s5","dahmed3_e1d_1536616906344.xlsx","2018-09-10 21:50:54","e1","d","100.0","e1d"
"703","fgindy1","isds1102s5","fgindy1_e1a_1536251550655.xlsx","2018-09-06 16:21:52","e1","a","92.0","e1a"
"704","fgindy1","isds1102s5","fgindy1_e1b_1536252066058.xlsx","2018-09-06 16:30:27","e1","b","89.0","e1b"
"705","wjone67","isds1102s6","wjone67_e1a_1536186836045.xlsx","2018-09-05 22:23:19","e1","a","81.25","e1a"
"706","jwal144","isds1102s4",NA,NA,NA,NA,NA,"NANA"
"707","bbro159","isds1102s3","bbro159_e1a_1536183058268.xlsx","2018-09-05 21:20:22","e1","a","100.0","e1a"
"708","bbro159","isds1102s3","bbro159_e1b_1536185570102.xlsx","2018-09-05 22:02:13","e1","b","100.0","e1b"
"709","bbro159","isds1102s3","bbro159_e1c_1536293361045.xlsx","2018-09-07 03:58:40","e1","c","100.0","e1c"
"710","bbro159","isds1102s3","bbro159_e1d_1536294047723.xlsx","2018-09-07 04:10:07","e1","d","0.0","e1d"
"711","bbro159","isds1102s3","bbro159_e1d_1536294378776.xlsx","2018-09-07 04:15:38","e1","d","100.0","e1d"
"712","cheld2","isds1102s6","cheld2_e1a_1536187385626.xlsx","2018-09-05 22:32:29","e1","a","88.75","e1a"
"713","cheld2","isds1102s6","cheld2_e1c_1536187398977.xlsx","2018-09-05 22:32:42","e1","c","96.6666666667","e1c"
"714","cheld2","isds1102s6","cheld2_e1b_1536187732346.xlsx","2018-09-05 22:38:15","e1","b","100.0","e1b"
"715","cheld2","isds1102s6","cheld2_e1d_1536188661812.xlsx","2018-09-05 22:53:46","e1","d","66.6666666667","e1d"
"716","awade13","isds1102s3","awade13_e1a_1536182769931.xlsx","2018-09-05 21:15:33","e1","a","100.0","e1a"
"717","awade13","isds1102s3","awade13_e1a_1536182855058.xlsx","2018-09-05 21:16:58","e1","a","100.0","e1a"
"718","kainsw2","isds1102s6",NA,NA,NA,NA,NA,"NANA"
"719","ralsbu1","isds1102s4",NA,NA,NA,NA,NA,"NANA"
"720","jand214","isds1102s4","jand214_e1a_1536188585242.xlsx","2018-09-05 22:52:28","e1","a","94.75","e1a"
"721","tsand39","isds1102s5",NA,NA,NA,NA,NA,"NANA"
"722","icarls2","isds1102s6","icarls2_e1a_1536186256620.xlsx","2018-09-05 22:13:40","e1","a","93.75","e1a"
"723","icarls2","isds1102s6","icarls2_e1b_1536187039172.xlsx","2018-09-05 22:26:43","e1","b","87.5","e1b"
"724","icarls2","isds1102s6","icarls2_e1a_1536293521073.xlsx","2018-09-07 04:01:21","e1","a","93.75","e1a"
"725","icarls2","isds1102s6","icarls2_e1b_1536293526653.xlsx","2018-09-07 04:01:26","e1","b","87.5","e1b"
"726","icarls2","isds1102s6","icarls2_e1c_1536293536427.xlsx","2018-09-07 04:01:36","e1","c","37.5","e1c"
"727","icarls2","isds1102s6","icarls2_e1d_1536293543582.xlsx","2018-09-07 04:01:43","e1","d","0.0","e1d"
"728","lmober1","isds1102s4",NA,NA,NA,NA,NA,"NANA"
"729","sli51","isds1102s3","sli51_e1b_1536184525205.xlsx","2018-09-05 21:44:49","e1","b","100.0","e1b"
"730","sli51","isds1102s3","sli51_e1b_1536184943466.xlsx","2018-09-05 21:51:47","e1","b","100.0","e1b"
"731","sli51","isds1102s3","sli51_e1b_1536278849528.xlsx","2018-09-06 23:56:50","e1","b","100.0","e1b"
"732","sli51","isds1102s3","sli51_e1a_1536279623934.xlsx","2018-09-07 00:09:44","e1","a","100.0","e1a"
"733","sli51","isds1102s3","sli51_e1c_1536385163776.xlsx","2018-09-08 05:28:42","e1","c","96.6666666667","e1c"
"734","sli51","isds1102s3","sli51_e1d_1536551984715.xlsx","2018-09-10 03:48:55","e1","d","83.3333333333","e1d"
"735","rcarmo2","isds1102s3","rcarmo2_e1a_1536184967882.xlsx","2018-09-05 21:52:11","e1","a","93.75","e1a"
"736","ctimes1","isds1102s3",NA,NA,NA,NA,NA,"NANA"
"737","nleben1","isds1102s4","nleben1_e1a_1536188479210.xlsx","2018-09-05 22:50:42","e1","a","56.25","e1a"
"738","gstoke6","isds1102s3","gstoke6_e1a_1536182662848.xlsx","2018-09-05 21:13:47","e1","a","100.0","e1a"
"739","gstoke6","isds1102s3","gstoke6_e1a_1536182840172.xlsx","2018-09-05 21:16:44","e1","a","100.0","e1a"
"740","ahart27","isds1102s6","ahart27_e1a_1536186720802.xlsx","2018-09-05 22:21:24","e1","a","87.5","e1a"
"741","ahart27","isds1102s6","ahart27_e1b_1536187202582.xlsx","2018-09-05 22:29:26","e1","b","100.0","e1b"
"742","fhowar1","isds1102s4",NA,NA,NA,NA,NA,"NANA"
"743","jsowar2","isds1102s4",NA,NA,NA,NA,NA,"NANA"
"744","dbytin1","isds1102s3",NA,NA,NA,NA,NA,"NANA"
"745","aburgo6","isds1102s3","aburgo6_e1b_1536549172127.xlsx","2018-09-10 03:02:02","e1","b","100.0","e1b"
"746","bboud75","isds1102s3","bboud75_e1a_1536255313861.xlsx","2018-09-06 17:24:35","e1","a","100.0","e1a"
"747","bboud75","isds1102s3","bboud75_e1b_1536256004066.xlsx","2018-09-06 17:36:05","e1","b","100.0","e1b"
"748","mvarne4","isds1102s4",NA,NA,NA,NA,NA,"NANA"
"749","lbalut1","isds1102s3","lbalut1_e1a_1536269774385.xlsx","2018-09-06 21:25:35","e1","a","81.25","e1a"
"750","lbalut1","isds1102s3","lbalut1_e1b_1536270538031.xlsx","2018-09-06 21:38:18","e1","b","75.0","e1b"
"751","lbalut1","isds1102s3","lbalut1_e1d_1536358995210.xlsx","2018-09-07 22:12:32","e1","d","66.6666666667","e1d"
"752","lbalut1","isds1102s3","lbalut1_e1c_1536359834567.xlsx","2018-09-07 22:26:32","e1","c","100.0","e1c"
"753","jnewbo1","isds1102s4","jnewbo1_e1b_1536531645560.xlsx","2018-09-09 22:09:56","e1","b","87.5","e1b"
"754","mpruit4","isds1102s4",NA,NA,NA,NA,NA,"NANA"
"755","jkilgo6","isds1102s4",NA,NA,NA,NA,NA,"NANA"
"756","mcromw2","isds1102s6",NA,NA,NA,NA,NA,"NANA"
"757","kwalk83","isds1102s6","kwalk83_e1a_1536200910464.xlsx","2018-09-06 02:17:53","e1","a","93.25","e1a"
"758","kwalk83","isds1102s6","kwalk83_e1a_1536200971588.xlsx","2018-09-06 02:18:54","e1","a","93.25","e1a"
"759","aferro5","isds1102s3",NA,NA,NA,NA,NA,"NANA"
"760","tmcnai1","isds1102s4","tmcnai1_e1a_1536465007117.xlsx","2018-09-09 03:39:20","e1","a","93.75","e1a"
"761","tmcnai1","isds1102s4","tmcnai1_e1a_1536465051294.xlsx","2018-09-09 03:40:04","e1","a","93.75","e1a"
"762","tmcnai1","isds1102s4","tmcnai1_e1b_1536534255058.xlsx","2018-09-09 22:53:26","e1","b","100.0","e1b"
"763","nsmi121","isds1102s4","nsmi121_e1a_1536188378924.xlsx","2018-09-05 22:49:02","e1","a","100.0","e1a"
"764","aroy31","isds1102s6","aroy31_e1a_1536186594431.xlsx","2018-09-05 22:19:18","e1","a","88.25","e1a"
"765","aroy31","isds1102s6","aroy31_e1b_1536187410875.xlsx","2018-09-05 22:32:54","e1","b","100.0","e1b"
"766","rhugue4","isds1102s3",NA,NA,NA,NA,NA,"NANA"
"767","bloupe4","isds1102s3",NA,NA,NA,NA,NA,"NANA"
"768","aparti4","isds1102s3",NA,NA,NA,NA,NA,"NANA"
"769","dmiche9","isds1102s4",NA,NA,NA,NA,NA,"NANA"
"770","kadeyi1","isds1102s4",NA,NA,NA,NA,NA,"NANA"
"771","wboone2","isds1102s3","wboone2_e1a_1536182232483.xlsx","2018-09-05 21:06:36","e1","a","93.75","e1a"
"772","wboone2","isds1102s3","wboone2_e1b_1536183037951.xlsx","2018-09-05 21:20:01","e1","b","87.5","e1b"
"773","ahenr37","isds1102s4",NA,NA,NA,NA,NA,"NANA"
"774","xreyes1","isds1102s3","xreyes1_e1a_1536183040259.xlsx","2018-09-05 21:20:04","e1","a","100.0","e1a"
"775","jgavin3","isds1102s4",NA,NA,NA,NA,NA,"NANA"
"776","sbroo19","isds1102s4","sbroo19_e1a_1536188657177.xlsx","2018-09-05 22:53:40","e1","a","87.5","e1a"
"777","sbroo19","isds1102s4","sbroo19_e1a_1536519143073.xlsx","2018-09-09 18:41:34","e1","a","87.5","e1a"
"778","sbroo19","isds1102s4","sbroo19_e1b_1536519737620.xlsx","2018-09-09 18:51:29","e1","b","87.5","e1b"
"779","sbroo19","isds1102s4","sbroo19_e1c_1536521055983.xlsx","2018-09-09 19:13:27","e1","c","70.0","e1c"
"780","sbroo19","isds1102s4","sbroo19_e1d_1536521731261.xlsx","2018-09-09 19:24:42","e1","d","100.0","e1d"
"781","crepp1","isds1102s4",NA,NA,NA,NA,NA,"NANA"
"782","ehamli2","isds1102s3",NA,NA,NA,NA,NA,"NANA"
"783","vborum1","isds1102s4",NA,NA,NA,NA,NA,"NANA"
"784","bmoral8","isds1102s4",NA,NA,NA,NA,NA,"NANA"
"785","cabide4","isds1102s3",NA,NA,NA,NA,NA,"NANA"
"786","pmitc18","isds1102s6","pmitc18_e1b_1536187846475.xlsx","2018-09-05 22:40:10","e1","b","100.0","e1b"
"787","clundg3","isds1102s3",NA,NA,NA,NA,NA,"NANA"
"788","ndiez3","isds1102s4","ndiez3_e1a_1536200197594.xlsx","2018-09-06 02:06:01","e1","a","100.0","e1a"
"789","isds1102s1","isds1102s1",NA,NA,NA,NA,NA,"NANA"
"790","btho165","isds1102s1",NA,NA,NA,NA,NA,"NANA"
"791","mdesma1","isds1102s1",NA,NA,NA,NA,NA,"NANA"
"792","ytruon1","isds1102s4","ytruon1_e1a_1536188596782.xlsx","2018-09-05 22:52:40","e1","a","56.25","e1a"
"793","rfitzs3","isds1102s1",NA,NA,NA,NA,NA,"NANA"
"794","jraffr1","isds1102s1",NA,NA,NA,NA,NA,"NANA"
"795","bpampe1","isds1102s8",NA,NA,NA,NA,NA,"NANA"
"796","ggrem17","isds1102s8",NA,NA,NA,NA,NA,"NANA"
"797","chundl2","isds1102s1",NA,NA,NA,NA,NA,"NANA"
"798","alafra5","isds1102s1",NA,NA,NA,NA,NA,"NANA"
"799","jtho316","isds1102s8",NA,NA,NA,NA,NA,"NANA"
"800","clanat1","isds1102s8",NA,NA,NA,NA,NA,"NANA"
"801","hthor13","isds1102s1",NA,NA,NA,NA,NA,"NANA"
"802","kcox37","isds1102s1",NA,NA,NA,NA,NA,"NANA"
"803","wdupon3","isds1102s1",NA,NA,NA,NA,NA,"NANA"
"804","jbogar3","isds1102s1",NA,NA,NA,NA,NA,"NANA"
"805","tboud42","isds1102s1",NA,NA,NA,NA,NA,"NANA"
"806","ademps3","isds1102s8",NA,NA,NA,NA,NA,"NANA"
"807","blocic2","isds1102s1",NA,NA,NA,NA,NA,"NANA"
"808","jmarc21","isds1102s1",NA,NA,NA,NA,NA,"NANA"
"809","vmayne1","isds1102s1",NA,NA,NA,NA,NA,"NANA"
"810","gwolf3","isds1102s1",NA,NA,NA,NA,NA,"NANA"
"811","mcata11","isds1102s1",NA,NA,NA,NA,NA,"NANA"
"812","gagui11","isds1102s1",NA,NA,NA,NA,NA,"NANA"
"813","dkatzm1","isds1102s3",NA,NA,NA,NA,NA,"NANA"
"814","gtrist1","isds1102s2",NA,NA,NA,NA,NA,"NANA"
"815","rkinzi1","isds1102s3",NA,NA,NA,NA,NA,"NANA"
"816","cpaul12","isds1102s2",NA,NA,NA,NA,NA,"NANA"
"817","lcraig4","isds1102s2",NA,NA,NA,NA,NA,"NANA"
"818","inicau1","isds1102s2",NA,NA,NA,NA,NA,"NANA"
"819","jsavo28","isds1102s2",NA,NA,NA,NA,NA,"NANA"
"820","mmilto7","isds1102s2",NA,NA,NA,NA,NA,"NANA"
"821","hblum1","isds1102s2",NA,NA,NA,NA,NA,"NANA"
"822","ttruo16","isds1102s2",NA,NA,NA,NA,NA,"NANA"
"823","ibaile3","isds1102s2",NA,NA,NA,NA,NA,"NANA"
"824","vnguy1","isds1102s1",NA,NA,NA,NA,NA,"NANA"
"825","agoody3","isds1102s2",NA,NA,NA,NA,NA,"NANA"
"826","gwarri1","isds1102s2",NA,NA,NA,NA,NA,"NANA"
"827","bjaco22","isds1102s2",NA,NA,NA,NA,NA,"NANA"
"828","mmccr13","isds1102s2",NA,NA,NA,NA,NA,"NANA"
"829","dbrou41","isds1102s1",NA,NA,NA,NA,NA,"NANA"
"830","klitt25","isds1102s2",NA,NA,NA,NA,NA,"NANA"
"831","mlan151","isds1102s1",NA,NA,NA,NA,NA,"NANA"
"832","oernes1","isds1102s2",NA,NA,NA,NA,NA,"NANA"
"833","landri4","isds1102s1",NA,NA,NA,NA,NA,"NANA"
"834","melli39","isds1102s1",NA,NA,NA,NA,NA,"NANA"
"835","cberg48","isds1102s2",NA,NA,NA,NA,NA,"NANA"
"836","halfor2","isds1102s2",NA,NA,NA,NA,NA,"NANA"
"837","ndolla1","isds1102s2",NA,NA,NA,NA,NA,"NANA"
"838","cgelpi5","isds1102s2",NA,NA,NA,NA,NA,"NANA"
"839","lrivet4","isds1102s2",NA,NA,NA,NA,NA,"NANA"
"840","sross28","isds1102s2",NA,NA,NA,NA,NA,"NANA"
"841","jpere43","isds1102s1",NA,NA,NA,NA,NA,"NANA"
"842","mmorg57","isds1102s2",NA,NA,NA,NA,NA,"NANA"
"843","damous1","isds1102s1",NA,NA,NA,NA,NA,"NANA"
"844","bmilst2","isds1102s1",NA,NA,NA,NA,NA,"NANA"
"845","jhelto1","isds1102s2",NA,NA,NA,NA,NA,"NANA"
"846","lcole9","isds1102s2",NA,NA,NA,NA,NA,"NANA"
"847","slabat2","isds1102s8",NA,NA,NA,NA,NA,"NANA"
"848","tprath1","isds1102s2",NA,NA,NA,NA,NA,"NANA"
"849","lcham14","isds1102s1",NA,NA,NA,NA,NA,"NANA"
"850","rlegen6","isds1102s8",NA,NA,NA,NA,NA,"NANA"
"851","bgaut25","isds1102s2",NA,NA,NA,NA,NA,"NANA"
"852","sbrou57","isds1102s8",NA,NA,NA,NA,NA,"NANA"
"853","mmar239","isds1102s2",NA,NA,NA,NA,NA,"NANA"
"854","jmorg82","isds1102s1",NA,NA,NA,NA,NA,"NANA"
"855","jduco17","isds1102s1",NA,NA,NA,NA,NA,"NANA"
"856","asotil1","isds1102s1",NA,NA,NA,NA,NA,"NANA"
"857","tbrya15","isds1102s1",NA,NA,NA,NA,NA,"NANA"
"858","bberte2","isds1102s1",NA,NA,NA,NA,NA,"NANA"
"859","jlilli2","isds1102s1",NA,NA,NA,NA,NA,"NANA"
"860","trivet4","isds1102s1",NA,NA,NA,NA,NA,"NANA"
"861","spoche8","isds1102s1",NA,NA,NA,NA,NA,"NANA"
"862","bderoj1","isds1102s1",NA,NA,NA,NA,NA,"NANA"
"863","lvasil1","isds1102s1",NA,NA,NA,NA,NA,"NANA"
"864","jlopoo1","isds1102s1",NA,NA,NA,NA,NA,"NANA"
"865","bnavar6","isds1102s1",NA,NA,NA,NA,NA,"NANA"
"866","bnavar5","isds1102s1",NA,NA,NA,NA,NA,"NANA"
"867","chern31","isds1102s1",NA,NA,NA,NA,NA,"NANA"
"868","dpayn18","isds1102s2",NA,NA,NA,NA,NA,"NANA"
"869","wbeale2","isds1102s1",NA,NA,NA,NA,NA,"NANA"
"870","dmader4","isds1102s1",NA,NA,NA,NA,NA,"NANA"
"871","lngu165","isds1102s1",NA,NA,NA,NA,NA,"NANA"
"872","msauci4","isds1102s2",NA,NA,NA,NA,NA,"NANA"
"873","estros3","isds1102s2",NA,NA,NA,NA,NA,"NANA"
"874","mdowne9","isds1102s2",NA,NA,NA,NA,NA,"NANA"
"875","ibaudr1","isds1102s1",NA,NA,NA,NA,NA,"NANA"
"876","aellef1","isds1102s1",NA,NA,NA,NA,NA,"NANA"
"877","gazar1","isds1102s2",NA,NA,NA,NA,NA,"NANA"
"878","shall41","isds1102s1",NA,NA,NA,NA,NA,"NANA"
"879","abelan8","isds1102s2",NA,NA,NA,NA,NA,"NANA"
"880","mjac128","isds1102s2",NA,NA,NA,NA,NA,"NANA"
"881","hrobic2","isds1102s1",NA,NA,NA,NA,NA,"NANA"
"882","cbaref5","isds1102s1",NA,NA,NA,NA,NA,"NANA"
"883","mdupl13","isds1102s2",NA,NA,NA,NA,NA,"NANA"
"884","mdav258","isds1102s1",NA,NA,NA,NA,NA,"NANA"
"885","mbour75","isds1102s2",NA,NA,NA,NA,NA,"NANA"
"886","dcheke1","isds1102s8",NA,NA,NA,NA,NA,"NANA"
"887","gsmit55","isds1102s1",NA,NA,NA,NA,NA,"NANA"
"888","mkimbe2","isds1102s1",NA,NA,NA,NA,NA,"NANA"
"889","jholl51","isds1102s1",NA,NA,NA,NA,NA,"NANA"
"890","dmckeo3","isds1102s1",NA,NA,NA,NA,NA,"NANA"
"891","aconto1","isds1102s1",NA,NA,NA,NA,NA,"NANA"
"892","chucka5","isds1102s1",NA,NA,NA,NA,NA,"NANA"
"893","kkwan2","isds1102s1",NA,NA,NA,NA,NA,"NANA"
"894","hdegg1","isds1102s1",NA,NA,NA,NA,NA,"NANA"
"895","jbarte4","isds1102s2",NA,NA,NA,NA,NA,"NANA"
"896","gsigl1","isds1102s1",NA,NA,NA,NA,NA,"NANA"
"897","htouch5","isds1102s2",NA,NA,NA,NA,NA,"NANA"
"898","troueg1","isds1102s1",NA,NA,NA,NA,NA,"NANA"
"899","abesse4","isds1102s8",NA,NA,NA,NA,NA,"NANA"
"900","awrig58","isds1102s2",NA,NA,NA,NA,NA,"NANA"
"901","mking61","isds1102s1",NA,NA,NA,NA,NA,"NANA"
"902","gkilbr1","isds1102s2",NA,NA,NA,NA,NA,"NANA"
"903","jlan1","isds1102s1",NA,NA,NA,NA,NA,"NANA"
"904","bcolow1","isds1102s1",NA,NA,NA,NA,NA,"NANA"
"905","kbenn29","isds1102s2",NA,NA,NA,NA,NA,"NANA"
"906","jkel126","isds1102s2",NA,NA,NA,NA,NA,"NANA"
"907","kovios1","isds1102s1",NA,NA,NA,NA,NA,"NANA"
"908","aric146","isds1102s1",NA,NA,NA,NA,NA,"NANA"
"909","vgoodw2","isds1102s2",NA,NA,NA,NA,NA,"NANA"
"910","atoney6","isds1102s1",NA,NA,NA,NA,NA,"NANA"
"911","apoche9","isds1102s1",NA,NA,NA,NA,NA,"NANA"
"912","mwortm2","isds1102s1",NA,NA,NA,NA,NA,"NANA"
"913","ccraw55","isds1102s1",NA,NA,NA,NA,NA,"NANA"
"914","cdecel3","isds1102s2",NA,NA,NA,NA,NA,"NANA"
"915","jgarr29","isds1102s1",NA,NA,NA,NA,NA,"NANA"
"916","evacca2","isds1102s8",NA,NA,NA,NA,NA,"NANA"
"917","broche4","isds1102s2",NA,NA,NA,NA,NA,"NANA"
"918","swiega1","isds1102s2",NA,NA,NA,NA,NA,"NANA"
"919","bbuck3","isds1102s2",NA,NA,NA,NA,NA,"NANA"
"920","kburn24","isds1102s1",NA,NA,NA,NA,NA,"NANA"
"921","bdaig23","isds1102s1",NA,NA,NA,NA,NA,"NANA"
"922","tchild4","isds1102s2",NA,NA,NA,NA,NA,"NANA"
"923","lwalls5","isds1102s1",NA,NA,NA,NA,NA,"NANA"
"924","lkilch1","isds1102s2",NA,NA,NA,NA,NA,"NANA"
"925","rdonal8","isds1102s2",NA,NA,NA,NA,NA,"NANA"
"926","ralfon2","isds1102s1",NA,NA,NA,NA,NA,"NANA"
"927","jkaram6","isds1102s8",NA,NA,NA,NA,NA,"NANA"
"928","groeli1","isds1102s2",NA,NA,NA,NA,NA,"NANA"
"929","sobri16","isds1102s2",NA,NA,NA,NA,NA,"NANA"
"930","sbowm11","isds1102s2",NA,NA,NA,NA,NA,"NANA"
"931","krose11","isds1102s1",NA,NA,NA,NA,NA,"NANA"
"932","gkaur7","isds1102s2",NA,NA,NA,NA,NA,"NANA"
"933","coubr16","isds1102s2",NA,NA,NA,NA,NA,"NANA"
"934","bchais3","isds1102s8",NA,NA,NA,NA,NA,"NANA"
"935","pqueyr1","isds1102s1",NA,NA,NA,NA,NA,"NANA"
"936","srohli2","isds1102s8",NA,NA,NA,NA,NA,"NANA"
"937","afefie1","isds1102s8",NA,NA,NA,NA,NA,"NANA"
"938","aschoe7","isds1102s2",NA,NA,NA,NA,NA,"NANA"
"939","sneyla2","isds1102s2",NA,NA,NA,NA,NA,"NANA"
"940","dcurti8","isds1102s8",NA,NA,NA,NA,NA,"NANA"
"941","abelle8","isds1102s1",NA,NA,NA,NA,NA,"NANA"
"942","rherr11","isds1102s1",NA,NA,NA,NA,NA,"NANA"
"943","ncatal3","isds1102s8",NA,NA,NA,NA,NA,"NANA"
"944","jcypri3","isds1102s8",NA,NA,NA,NA,NA,"NANA"
"945","smatus2","isds1102s1",NA,NA,NA,NA,NA,"NANA"
"946","ksheri4","isds1102s1",NA,NA,NA,NA,NA,"NANA"
"947","kalpho4","isds1102s8",NA,NA,NA,NA,NA,"NANA"
"948","spanna1","isds1102s1",NA,NA,NA,NA,NA,"NANA"
"949","cbaril2","isds1102s8",NA,NA,NA,NA,NA,"NANA"
"950","kaddin1","isds1102s8",NA,NA,NA,NA,NA,"NANA"
"951","mraymo6","isds1102s8",NA,NA,NA,NA,NA,"NANA"
"952","bbrig25","isds1102s1",NA,NA,NA,NA,NA,"NANA"
"953","cwood47","isds1102s2",NA,NA,NA,NA,NA,"NANA"
"954","nwats19","isds1102s8",NA,NA,NA,NA,NA,"NANA"
"955","dwilco5","isds1102s8",NA,NA,NA,NA,NA,"NANA"
"956","clan124","isds1102s1",NA,NA,NA,NA,NA,"NANA"
"957","dculli2","isds1102s8",NA,NA,NA,NA,NA,"NANA"
"958","rruss27","isds1102s2",NA,NA,NA,NA,NA,"NANA"
"959","sdison1","isds1102s2",NA,NA,NA,NA,NA,"NANA"
"960","mbergg2","isds1102s1",NA,NA,NA,NA,NA,"NANA"
"961","gmeaux3","isds1102s1",NA,NA,NA,NA,NA,"NANA"
"962","sledni1","isds1102s1",NA,NA,NA,NA,NA,"NANA"
"963","grobic5","isds1102s1",NA,NA,NA,NA,NA,"NANA"
"964","hsteor1","isds1102s2",NA,NA,NA,NA,NA,"NANA"
"965","dolear2","isds1102s2",NA,NA,NA,NA,NA,"NANA"
"966","gcarac1","isds1102s2",NA,NA,NA,NA,NA,"NANA"
"967","emcmur3","isds1102s1",NA,NA,NA,NA,NA,"NANA"
"968","gdugas5","isds1102s1",NA,NA,NA,NA,NA,"NANA"
"969","sjon184","isds1102s1",NA,NA,NA,NA,NA,"NANA"
"970","araba23","isds1102s1",NA,NA,NA,NA,NA,"NANA"
"971","srhod12","isds1102s8",NA,NA,NA,NA,NA,"NANA"
"972","jgibs39","isds1102s8",NA,NA,NA,NA,NA,"NANA"
"973","jfred33","isds1102s2",NA,NA,NA,NA,NA,"NANA"
"974","cston15","isds1102s1",NA,NA,NA,NA,NA,"NANA"
"975","aarmat3","isds1102s1",NA,NA,NA,NA,NA,"NANA"
"976","tscot69","isds1102s2",NA,NA,NA,NA,NA,"NANA"
"977","eroble1","isds1102s8",NA,NA,NA,NA,NA,"NANA"
"978","sfonta3","isds1102s8",NA,NA,NA,NA,NA,"NANA"
"979","stoso1","isds1102s2",NA,NA,NA,NA,NA,"NANA"
"980","jlacro7","isds1102s2",NA,NA,NA,NA,NA,"NANA"
"981","strain2","isds1102s1",NA,NA,NA,NA,NA,"NANA"
"982","tbro175","isds1102s8",NA,NA,NA,NA,NA,"NANA"
"983","mlamb41","isds1102s1",NA,NA,NA,NA,NA,"NANA"
"984","rvarga3","isds1102s8",NA,NA,NA,NA,NA,"NANA"
"985","jbrid42","isds1102s8",NA,NA,NA,NA,NA,"NANA"
"986","csprag3","isds1102s1",NA,NA,NA,NA,NA,"NANA"
"987","pnijok2","isds1102s2",NA,NA,NA,NA,NA,"NANA"
"988","jtorr31","isds1102s1",NA,NA,NA,NA,NA,"NANA"
"989","aauco33","isds1102s1",NA,NA,NA,NA,NA,"NANA"
"990","mcamp64","isds1102s1",NA,NA,NA,NA,NA,"NANA"
"991","mstalt3","isds1102s8",NA,NA,NA,NA,NA,"NANA"
"992","gburas2","isds1102s1",NA,NA,NA,NA,NA,"NANA"
"993","ablac46","isds1102s1",NA,NA,NA,NA,NA,"NANA"
"994","ldelha1","isds1102s8",NA,NA,NA,NA,NA,"NANA"
"995","jterr34","isds1102s8",NA,NA,NA,NA,NA,"NANA"
"996","smesso1","isds1102s2",NA,NA,NA,NA,NA,"NANA"
"997","bcurti8","isds1102s2",NA,NA,NA,NA,NA,"NANA"
"998","cmccl21","isds1102s8",NA,NA,NA,NA,NA,"NANA"
"999","jword1","isds1102s2",NA,NA,NA,NA,NA,"NANA"
"1000","aleb129","isds1102s1",NA,NA,NA,NA,NA,"NANA"
"1001","rdela15","isds1102s2",NA,NA,NA,NA,NA,"NANA"
"1002","cande98","isds1102s8",NA,NA,NA,NA,NA,"NANA"
"1003","bsivil2","isds1102s1",NA,NA,NA,NA,NA,"NANA"
"1004","ttulli2","isds1102s1",NA,NA,NA,NA,NA,"NANA"
"1005","hhutc18","isds1102s8",NA,NA,NA,NA,NA,"NANA"
"1006","edivin1","isds1102s3","edivin1_e1a_1536182670948.xlsx","2018-09-05 21:13:55","e1","a","87.5","e1a"
"1007","kcicer1","isds1102s1",NA,NA,NA,NA,NA,"NANA"
"1008","mgonz57","isds1102s8",NA,NA,NA,NA,NA,"NANA"
"1009","lmumey1","isds1102s1",NA,NA,NA,NA,NA,"NANA"
"1010","dtally1","isds1102s1",NA,NA,NA,NA,NA,"NANA"
"1011","cblue2","isds1102s2",NA,NA,NA,NA,NA,"NANA"
"1012","cbielk1","isds1102s2",NA,NA,NA,NA,NA,"NANA"
"1013","mmetow1","isds1102s2",NA,NA,NA,NA,NA,"NANA"
"1014","chopk12","isds1102s1",NA,NA,NA,NA,NA,"NANA"
"1015","jlabov2","isds1102s2",NA,NA,NA,NA,NA,"NANA"
"1016","spetag1","isds1102s2",NA,NA,NA,NA,NA,"NANA"
"1017","lguid44","isds1102s1",NA,NA,NA,NA,NA,"NANA"
"1018","kdespl1","isds1102s1",NA,NA,NA,NA,NA,"NANA"
"1019","jason","isds1102s8",NA,NA,NA,NA,NA,"NANA"
"1020","mgrav27","isds1102s8",NA,NA,NA,NA,NA,"NANA"
"1021","rlanas1","isds1102s2",NA,NA,NA,NA,NA,"NANA"
"1022","cpick11","isds1102s1",NA,NA,NA,NA,NA,"NANA"
"1023","cnava13","isds1102s2",NA,NA,NA,NA,NA,"NANA"
"1024","cmar162","isds1102s1",NA,NA,NA,NA,NA,"NANA"
"1025","atoma2","isds1102s1",NA,NA,NA,NA,NA,"NANA"
"1026","galle16","isds1102s1",NA,NA,NA,NA,NA,"NANA"
"1027","rlebl62","isds1102s8",NA,NA,NA,NA,NA,"NANA"
"1028","ssilva9","isds1102s2",NA,NA,NA,NA,NA,"NANA"
"1029","ccrozi1","isds1102s2",NA,NA,NA,NA,NA,"NANA"
"1030","thalse2","isds1102s1",NA,NA,NA,NA,NA,"NANA"
"1031","chugh44","isds1102s2",NA,NA,NA,NA,NA,"NANA"
"1032","sostra1","isds1102s4",NA,NA,NA,NA,NA,"NANA"
"1033","hwinsl2","isds1102s1",NA,NA,NA,NA,NA,"NANA"
"1034","droone2","isds1102s1",NA,NA,NA,NA,NA,"NANA"
"1035","kriede4","isds1102s1",NA,NA,NA,NA,NA,"NANA"
"1036","cward55","isds1102s8",NA,NA,NA,NA,NA,"NANA"
"1037","nsacca1","isds1102s1",NA,NA,NA,NA,NA,"NANA"
"1038","bburma3","isds1102s2",NA,NA,NA,NA,NA,"NANA"
"1039","rmoor85","isds1102s2",NA,NA,NA,NA,NA,"NANA"
"1040","ncowan1","isds1102s2",NA,NA,NA,NA,NA,"NANA"
"1041","coledalfereslsu","isds1102s8",NA,NA,NA,NA,NA,"NANA"
"1042","rpete19","isds1102s1",NA,NA,NA,NA,NA,"NANA"
"1043","ccome32","isds1102s1",NA,NA,NA,NA,NA,"NANA"
"1044","dhavry1","isds1102s1",NA,NA,NA,NA,NA,"NANA"
"1045","sennis3","isds1102s1",NA,NA,NA,NA,NA,"NANA"
"1046","bdouss2","isds1102s1",NA,NA,NA,NA,NA,"NANA"
"1047","jroy38","isds1102s1",NA,NA,NA,NA,NA,"NANA"
"1048","amonca7","isds1102s8",NA,NA,NA,NA,NA,"NANA"
"1049","ekrutz1","isds1102s1",NA,NA,NA,NA,NA,"NANA"
"1050","cszabo3","isds1102s1",NA,NA,NA,NA,NA,"NANA"
"1051","swil275","isds1102s1",NA,NA,NA,NA,NA,"NANA"
"1052","dchane7","isds1102s1",NA,NA,NA,NA,NA,"NANA"
"1053","lhorri1","isds1102s1",NA,NA,NA,NA,NA,"NANA"
"1054","lhornb3","isds1102s1",NA,NA,NA,NA,NA,"NANA"
"1055","adefoe2","isds1102s2",NA,NA,NA,NA,NA,"NANA"
"1056","norlan2","isds1102s1",NA,NA,NA,NA,NA,"NANA"
"1057","jgab1","isds1102s2",NA,NA,NA,NA,NA,"NANA"
"1058","jhern82","isds1102s1",NA,NA,NA,NA,NA,"NANA"
"1059","mmoo141","isds1102s6","mmoo141_e1b_1536187959622.xlsx","2018-09-05 22:42:03","e1","b","100.0","e1b"
"1060","jghari1","isds1102s8",NA,NA,NA,NA,NA,"NANA"
"1061","jhurle8","isds1102s1",NA,NA,NA,NA,NA,"NANA"
"1062","eeisne1","isds1102s2",NA,NA,NA,NA,NA,"NANA"
"1063","mferry4","isds1102s2",NA,NA,NA,NA,NA,"NANA"
"1064","jwende3","isds1102s1",NA,NA,NA,NA,NA,"NANA"
"1065","mnguer1","isds1102s1",NA,NA,NA,NA,NA,"NANA"
"1066","adrobn1","isds1102s1",NA,NA,NA,NA,NA,"NANA"
"1067","whenni3","isds1102s2",NA,NA,NA,NA,NA,"NANA"
"1068","bruss27","isds1102s8",NA,NA,NA,NA,NA,"NANA"
"1069","asche31","isds1102s2",NA,NA,NA,NA,NA,"NANA"
"1070","bmil126","isds1102s1",NA,NA,NA,NA,NA,"NANA"
"1071","csalva3","isds1102s8",NA,NA,NA,NA,NA,"NANA"
"1072","sonofr1","isds1102s2",NA,NA,NA,NA,NA,"NANA"
"1073","mbenn48","isds1102s2",NA,NA,NA,NA,NA,"NANA"
"1074","cwooll2","isds1102s1",NA,NA,NA,NA,NA,"NANA"
"1075","cphipp6","isds1102s8",NA,NA,NA,NA,NA,"NANA"
"1076","abagge4","isds1102s8",NA,NA,NA,NA,NA,"NANA"
"1077","wsimon6","isds1102s2",NA,NA,NA,NA,NA,"NANA"
"1078","bvegas2","isds1102s1",NA,NA,NA,NA,NA,"NANA"
"1079","cdicap2","isds1102s2",NA,NA,NA,NA,NA,"NANA"
"1080","wdaigl3","isds1102s2",NA,NA,NA,NA,NA,"NANA"
"1081","cvale12","isds1102s2",NA,NA,NA,NA,NA,"NANA"
"1082","bbelle8","isds1102s1",NA,NA,NA,NA,NA,"NANA"
"1083","jhornb4","isds1102s1",NA,NA,NA,NA,NA,"NANA"
"1084","amcelh1","isds1102s1",NA,NA,NA,NA,NA,"NANA"
"1085","bpilgr1","isds1102s1",NA,NA,NA,NA,NA,"NANA"
"1086","srieng1","isds1102s1",NA,NA,NA,NA,NA,"NANA"
"1087","drobe73","isds1102s2",NA,NA,NA,NA,NA,"NANA"
"1088","ngirau1","isds1102s2",NA,NA,NA,NA,NA,"NANA"
"1089","mdiez4","isds1102s1",NA,NA,NA,NA,NA,"NANA"
"1090","bbares2","isds1102s4",NA,NA,NA,NA,NA,"NANA"
"1091","kconer5","isds1102s3",NA,NA,NA,NA,NA,"NANA"
"1092","athoms3","isds1102s2",NA,NA,NA,NA,NA,"NANA"
"1093","acoens1","isds1102s1",NA,NA,NA,NA,NA,"NANA"
"1094","aforte7","isds1102s1",NA,NA,NA,NA,NA,"NANA"
"1095","aguil85","isds1102s1",NA,NA,NA,NA,NA,"NANA"
"1096","awate11","isds1102s1",NA,NA,NA,NA,NA,"NANA"
"1097","wellin1","isds1102s8",NA,NA,NA,NA,NA,"NANA"
"1098","amered9","isds1102s1",NA,NA,NA,NA,NA,"NANA"
"1099","abenav4","isds1102s8",NA,NA,NA,NA,NA,"NANA"
"1100","jmore34","isds1102s1",NA,NA,NA,NA,NA,"NANA"
"1101","krobi84","isds1102s2",NA,NA,NA,NA,NA,"NANA"
"1102","emaute1","isds1102s1",NA,NA,NA,NA,NA,"NANA"
"1103","mshort7","isds1102s2",NA,NA,NA,NA,NA,"NANA"
"1104","hthib15","isds1102s1",NA,NA,NA,NA,NA,"NANA"
"1105","bjaco21","isds1102s1",NA,NA,NA,NA,NA,"NANA"
"1106","astato2","isds1102s2",NA,NA,NA,NA,NA,"NANA"
"1107","gwinkl2","isds1102s6","gwinkl2_e1a_1536265710240.xlsx","2018-09-06 20:17:51","e1","a","100.0","e1a"
"1108","gwinkl2","isds1102s6","gwinkl2_e1a_1536265799107.xlsx","2018-09-06 20:19:20","e1","a","100.0","e1a"
"1109","gwinkl2","isds1102s6","gwinkl2_e1b_1536285777519.xlsx","2018-09-07 01:52:19","e1","b","100.0","e1b"
"1110","mmack11","isds1102s1",NA,NA,NA,NA,NA,"NANA"
"1111","aevan66","isds1102s1",NA,NA,NA,NA,NA,"NANA"
"1112","lrase1","isds1102s6",NA,NA,NA,NA,NA,"NANA"
"1113","jdesse6","isds1102s1",NA,NA,NA,NA,NA,"NANA"
"1114","sgonz34","isds1102s2",NA,NA,NA,NA,NA,"NANA"
"1115","dwrig32","isds1102s2",NA,NA,NA,NA,NA,"NANA"
"1116","sshapi2","isds1102s1",NA,NA,NA,NA,NA,"NANA"
"1117","sbake42","isds1102s2",NA,NA,NA,NA,NA,"NANA"
"1118","mshay6","isds1102s2",NA,NA,NA,NA,NA,"NANA"
"1119","bschm17","isds1102s1",NA,NA,NA,NA,NA,"NANA"
"1120","kwatzk1","isds1102s5","kwatzk1_e1c_1536252520651.xlsx","2018-09-06 16:38:02","e1","c","100.0","e1c"
"1121","kwatzk1","isds1102s5","kwatzk1_e1d_1536252527939.xlsx","2018-09-06 16:38:09","e1","d","100.0","e1d"
"1122","ncampb8","isds1102s8",NA,NA,NA,NA,NA,"NANA"
"1123","nreeve3","isds1102s2",NA,NA,NA,NA,NA,"NANA"
"1124","icabal1","isds1102s1",NA,NA,NA,NA,NA,"NANA"
"1125","swhale5","isds1102s8",NA,NA,NA,NA,NA,"NANA"
"1126","whidal2","isds1102s2",NA,NA,NA,NA,NA,"NANA"
"1127","bbehle1","isds1102s2",NA,NA,NA,NA,NA,"NANA"
"1128","glee14","isds1102s2",NA,NA,NA,NA,NA,"NANA"
"1129","tngo28","isds1102s2",NA,NA,NA,NA,NA,"NANA"
"1130","mburle9","isds1102s1",NA,NA,NA,NA,NA,"NANA"
"1131","csebas1","isds1102s8",NA,NA,NA,NA,NA,"NANA"
"1132","matteb2","isds1102s2",NA,NA,NA,NA,NA,"NANA"
"1133","rguede1","isds1102s1",NA,NA,NA,NA,NA,"NANA"
"1134","ityler1","isds1102s1",NA,NA,NA,NA,NA,"NANA"
"1135","mzito7","isds1102s2",NA,NA,NA,NA,NA,"NANA"
"1136","hallem2","isds1102s1",NA,NA,NA,NA,NA,"NANA"
"1137","ksegal3","isds1102s2",NA,NA,NA,NA,NA,"NANA"
"1138","ssmal11","isds1102s2",NA,NA,NA,NA,NA,"NANA"
"1139","ckell78","isds1102s8",NA,NA,NA,NA,NA,"NANA"
"1140","dmil116","isds1102s1",NA,NA,NA,NA,NA,"NANA"
"1141","chopk15","isds1102s8",NA,NA,NA,NA,NA,"NANA"
"1142","awil511","isds1102s1",NA,NA,NA,NA,NA,"NANA"
"1143","lwalte5","isds1102s1",NA,NA,NA,NA,NA,"NANA"
"1144","oscrug1","isds1102s2",NA,NA,NA,NA,NA,"NANA"
"1145","iwines1","isds1102s2",NA,NA,NA,NA,NA,"NANA"
"1146","jmadon1","isds1102s1",NA,NA,NA,NA,NA,"NANA"
"1147","hwill77","isds1102s1",NA,NA,NA,NA,NA,"NANA"
"1148","pconra2","isds1102s1",NA,NA,NA,NA,NA,"NANA"
"1149","cokodu1","isds1102s8",NA,NA,NA,NA,NA,"NANA"
"1150","apbronco22","isds1102s8",NA,NA,NA,NA,NA,"NANA"
"1151","zschna1","isds1102s2",NA,NA,NA,NA,NA,"NANA"
"1152","jtho388","isds1102s8",NA,NA,NA,NA,NA,"NANA"
"1153","ebail16","isds1102s8",NA,NA,NA,NA,NA,"NANA"
"1154","char161","isds1102s8",NA,NA,NA,NA,NA,"NANA"
"1155","areddi5","isds1102s2",NA,NA,NA,NA,NA,"NANA"
